sector_id,set_id
1,1
9,2
3,3
9,4
9,5
9,6
9,7
9,8
9,9
9,17
9,18
9,19
9,20
1,26
3,26
9,26
9,27
9,28
9,29
9,30
9,31
9,32
9,36
23,36
1,37
3,37
1,39
3,39
6,39
22,39
24,39
1,41
3,41
6,41
9,41
17,41
21,41
1,43
3,43
6,43
22,43
24,43
1,44
3,44
6,44
22,44
24,44
1,45
3,45
6,45
22,45
24,45
1,46
3,46
6,46
22,46
24,46
1,47
3,47
6,47
22,47
24,47
1,48
3,48
6,48
22,48
24,48
1,49
3,49
5,49
6,49
9,49
11,49
14,49
21,49
24,49
1,50
3,50
5,50
6,50
9,50
11,50
14,50
15,50
21,50
24,50
1,51
3,51
5,52
6,52
9,52
11,52
14,52
15,52
22,52
24,52
9,56
9,57
9,58
1,59
3,59
5,59
6,59
9,59
11,59
14,59
15,59
24,59
1,71
3,71
6,71
9,71
15,71
22,71
24,71
1,76
3,76
1,77
21,77
21,81
1,83
5,83
6,83
11,83
14,83
24,83
1,84
5,85
6,85
1,86
5,87
6,87
1,88
5,89
6,89
14,89
23,90
9,98
9,99
9,100
9,101
9,106
9,107
1,109
3,109
5,118
11,118
14,118
15,118
24,118
5,119
14,119
15,119
5,120
6,120
11,120
14,120
1,122
3,122
9,122
1,123
3,123
16,123
1,124
3,124
16,124
21,124
1,125
3,125
16,125
21,125
1,126
3,126
21,126
1,127
3,127
21,127
1,128
3,128
21,128
1,129
3,129
21,129
1,130
3,130
6,130
11,130
14,130
15,130
16,130
21,130
24,130
1,131
3,131
16,132
35,132
16,133
22,133
16,134
22,134
1,135
9,135
1,136
9,137
1,140
9,140
1,141
9,141
1,142
3,142
4,142
9,143
1,152
3,152
21,152
22,152
37,152
1,153
21,153
22,153
1,154
3,154
9,155
9,156
1,158
9,158
16,158
23,158
1,160
5,160
6,160
9,160
14,160
15,160
1,161
5,161
6,161
9,161
14,161
15,161
9,164
22,165
9,166
1,167
5,167
6,167
9,167
1,168
5,168
6,168
9,168
14,168
15,168
1,171
3,171
9,172
9,173
1,174
9,174
1,183
1,184
3,184
6,184
9,184
11,184
14,184
24,184
2,185
9,185
2,186
9,186
1,187
5,187
6,187
9,187
11,187
14,187
15,187
21,187
24,187
1,188
5,188
6,188
9,188
11,188
14,188
15,188
21,188
24,188
9,189
1,190
9,191
1,192
3,192
1,193
3,193
1,194
3,194
1,195
3,195
1,198
3,198
1,228
3,228
5,228
6,228
9,228
11,228
14,228
15,228
24,228
1,231
3,231
5,231
6,231
9,231
11,231
14,231
16,231
21,231
22,231
23,231
9,232
9,235
9,236
9,238
9,239
1,243
3,243
4,243
6,243
9,243
15,243
21,243
22,243
23,243
25,243
9,248
9,249
9,250
9,251
9,252
9,253
9,254
9,255
1,257
3,257
1,258
1,260
2,260
3,260
4,260
5,260
6,260
9,260
11,260
15,260
21,260
22,260
23,260
25,260
9,261
9,263
1,264
2,264
3,264
5,264
9,264
11,264
21,264
22,264
23,264
25,264
1,265
3,265
5,265
6,265
9,265
11,265
21,265
22,265
23,265
25,265
1,267
3,267
6,267
9,267
11,267
21,267
22,267
23,267
25,267
1,268
3,268
5,268
6,268
9,268
11,268
21,268
22,268
1,269
3,269
5,269
6,269
15,269
16,269
21,269
25,269
1,270
3,270
5,270
6,270
15,270
16,270
21,270
25,270
1,271
2,271
3,271
6,271
16,271
21,271
25,271
1,272
2,272
3,272
6,272
16,272
21,272
25,272
1,284
3,284
5,284
6,284
11,284
14,284
15,284
17,284
21,284
24,284
9,285
9,286
9,287
9,289
9,292
9,293
9,294
9,295
9,296
9,297
9,342
1,343
1,344
1,346
3,346
1,347
3,347
1,350
3,350
9,351
9,352
9,356
1,358
9,358
9,359
1,360
3,360
1,361
3,361
1,362
3,362
9,364
1,372
3,372
5,372
6,372
11,372
20,372
21,372
9,374
9,375
9,376
9,377
9,381
1,394
9,394
1,395
9,395
1,406
3,406
15,406
21,406
1,407
3,407
15,407
21,407
1,409
3,409
15,409
21,409
1,410
3,410
15,410
21,410
1,411
3,411
15,411
21,411
9,414
9,415
1,431
3,431
1,432
2,432
3,432
5,432
14,432
15,432
16,432
1,434
4,434
8,434
10,434
1,445
5,445
11,445
9,447
1,448
3,448
5,448
6,448
9,448
11,448
14,448
15,448
1,450
3,450
5,450
6,450
11,450
14,450
15,450
1,451
3,451
5,451
14,451
21,451
25,451
9,458
1,459
15,459
9,461
9,468
1,469
3,469
15,469
9,470
9,471
9,472
1,474
9,474
15,474
21,474
2,475
9,475
16,475
1,476
9,476
1,477
9,477
1,478
9,478
9,484
9,487
1,488
3,488
9,488
1,489
3,489
9,489
5,490
6,490
11,490
14,490
17,490
23,490
5,491
6,491
11,491
14,491
17,491
23,491
9,492
1,493
9,494
16,494
23,494
25,494
9,501
23,501
1,502
3,502
21,502
1,505
3,505
1,508
9,508
1,521
3,521
5,521
6,521
9,521
11,521
14,521
15,521
17,521
21,521
9,540
21,540
9,541
21,541
1,545
3,545
1,546
3,546
9,547
9,548
9,549
9,550
9,551
9,552
9,553
9,554
9,556
9,559
9,560
1,567
1,568
3,568
1,569
3,569
9,579
9,580
9,581
9,582
9,583
1,595
3,595
5,595
6,595
14,595
15,595
1,596
3,596
5,596
6,596
14,596
15,596
1,597
3,597
5,597
6,597
14,597
15,597
1,598
3,598
5,598
6,598
14,598
15,598
2,628
9,628
2,629
9,629
2,630
9,630
2,631
9,631
9,632
1,633
3,633
5,633
6,633
11,633
14,633
15,633
1,634
3,634
5,634
6,634
9,634
11,634
14,634
15,634
1,646
3,646
9,652
9,653
9,654
9,655
9,656
2,664
9,664
22,664
9,668
9,669
9,670
1,676
21,676
9,693
22,693
23,693
9,694
22,694
23,694
9,695
22,695
23,695
9,696
22,696
23,696
1,697
3,697
21,697
1,698
3,698
21,698
9,699
9,700
9,701
2,703
9,703
2,704
9,704
2,705
9,705
2,706
9,706
2,707
9,707
2,708
9,708
2,709
9,709
2,710
9,710
2,711
9,711
1,712
1,713
1,714
1,715
1,716
1,717
1,718
1,719
1,720
1,721
1,722
21,734
21,735
21,736
21,737
21,738
1,739
3,739
5,739
6,739
14,739
15,739
1,740
3,740
5,740
6,740
14,740
15,740
1,743
9,743
1,744
9,744
1,746
5,746
6,746
14,746
15,746
1,747
5,747
6,747
14,747
15,747
1,748
5,748
6,748
14,748
15,748
1,749
5,749
6,749
14,749
15,749
1,750
5,750
6,750
14,750
15,750
1,751
5,751
6,751
14,751
15,751
1,752
5,752
6,752
14,752
15,752
1,753
5,753
6,753
14,753
15,753
1,754
5,754
6,754
14,754
15,754
1,755
5,755
6,755
14,755
15,755
1,756
5,756
6,756
14,756
15,756
1,757
5,757
6,757
14,757
15,757
1,758
5,758
6,758
9,758
11,758
14,758
15,758
21,758
24,758
9,759
1,760
5,760
6,760
11,760
14,760
21,760
24,760
2,761
9,761
16,761
2,762
9,762
16,762
2,763
9,763
16,763
1,779
3,779
5,779
6,779
11,779
21,779
24,779
1,795
1,804
3,804
5,804
6,804
14,804
15,804
1,805
3,805
5,805
6,805
14,805
15,805
1,806
3,806
5,806
6,806
14,806
15,806
1,807
3,807
5,807
6,807
14,807
15,807
1,809
3,809
5,809
6,809
14,809
15,809
9,820
9,821
9,822
9,824
9,825
9,826
9,842
22,842
9,845
23,845
9,846
23,846
9,847
23,847
9,848
23,848
9,849
23,849
9,850
23,850
9,857
23,857
9,859
23,859
9,860
23,860
9,861
23,861
9,863
23,863
1,864
3,864
15,864
1,865
3,865
15,865
1,866
3,866
15,866
1,867
3,867
15,867
1,868
3,868
15,868
1,876
3,876
4,876
8,876
10,876
21,876
9,887
9,950
9,964
9,965
9,966
9,967
9,968
1,978
3,978
15,978
1,979
3,979
15,979
1,980
3,980
15,980
1,981
3,981
15,981
1,985
3,985
15,985
9,987
9,991
9,992
9,993
9,994
9,995
9,1007
9,1008
9,1009
9,1010
9,1011
1,1022
3,1022
5,1022
6,1022
11,1022
24,1022
1,1023
3,1023
5,1023
6,1023
11,1023
24,1023
1,1024
3,1024
5,1024
6,1024
11,1024
24,1024
9,1043
16,1043
1,1044
3,1044
16,1044
5,1045
6,1045
11,1045
14,1045
15,1045
16,1045
21,1045
1,1055
3,1055
15,1055
1,1056
3,1056
15,1056
9,1057
9,1058
9,1059
9,1060
9,1061
9,1062
9,1070
9,1073
1,1074
2,1074
3,1074
6,1074
9,1074
11,1074
16,1074
21,1074
1,1075
1,1076
1,1080
9,1086
1,1094
3,1094
5,1094
6,1094
9,1094
11,1094
21,1094
24,1094
9,1103
9,1110
9,1111
9,1113
9,1121
9,1122
11,1128
1,1129
5,1129
14,1129
11,1130
1,1133
3,1133
6,1133
15,1133
21,1133
9,1134
9,1156
22,1156
23,1156
9,1157
22,1157
23,1157
1,1166
3,1166
5,1166
6,1166
11,1166
15,1166
24,1166
1,1167
3,1167
5,1167
6,1167
11,1167
15,1167
24,1167
1,1168
3,1168
5,1168
6,1168
11,1168
15,1168
24,1168
1,1169
3,1169
5,1169
6,1169
11,1169
15,1169
24,1169
1,1170
3,1170
5,1170
6,1170
11,1170
15,1170
24,1170
9,1171
9,1172
1,1173
3,1173
5,1173
6,1173
11,1173
21,1173
1,1174
3,1174
5,1174
6,1174
11,1174
21,1174
9,1175
23,1175
9,1176
23,1176
9,1181
9,1182
9,1183
9,1184
9,1185
1,1186
3,1186
1,1187
3,1187
1,1188
3,1188
9,1188
21,1188
1,1199
9,1200
9,1202
9,1224
9,1225
9,1231
9,1232
9,1233
9,1234
1,1248
9,1249
9,1250
9,1251
1,1265
3,1265
5,1265
6,1265
11,1265
14,1265
15,1265
21,1265
1,1271
3,1271
6,1271
21,1271
9,1272
9,1278
9,1279
9,1280
1,1286
3,1286
5,1286
6,1286
9,1286
11,1286
14,1286
21,1286
24,1286
9,1292
9,1295
22,1295
23,1295
9,1313
9,1314
9,1315
21,1318
1,1319
3,1319
6,1319
11,1319
15,1319
21,1319
24,1319
1,1320
3,1320
6,1320
11,1320
15,1320
21,1320
24,1320
1,1321
3,1321
6,1321
11,1321
15,1321
21,1321
24,1321
1,1322
3,1322
6,1322
11,1322
15,1322
21,1322
24,1322
1,1323
3,1323
6,1323
11,1323
15,1323
21,1323
24,1323
9,1324
1,1337
3,1337
9,1337
5,1338
6,1338
11,1338
14,1338
17,1338
23,1338
1,1341
9,1341
15,1341
1,1347
2,1347
3,1347
5,1347
6,1347
9,1347
11,1347
14,1347
15,1347
21,1347
24,1347
9,1348
9,1362
9,1363
9,1364
9,1377
1,1404
3,1404
15,1404
1,1405
3,1405
15,1405
1,1409
9,1409
15,1409
1,1410
9,1410
15,1410
2,1422
9,1422
16,1422
2,1423
9,1423
16,1423
9,1424
9,1425
9,1426
1,1428
3,1428
15,1428
1,1429
3,1429
15,1429
1,1430
3,1430
15,1430
1,1431
3,1431
15,1431
1,1432
3,1432
15,1432
1,1433
3,1433
15,1433
9,1435
9,1436
9,1437
9,1438
9,1439
9,1440
9,1441
9,1442
9,1443
9,1444
9,1445
9,1446
9,1470
23,1470
9,1475
23,1475
9,1476
23,1476
9,1477
23,1477
9,1478
23,1478
9,1479
9,1480
1,1481
1,1482
1,1484
3,1484
15,1484
21,1484
9,1519
9,1521
9,1522
9,1524
9,1525
9,1526
9,1527
9,1528
1,1538
3,1538
1,1539
3,1539
9,1540
9,1541
9,1542
9,1543
1,1555
2,1555
3,1555
5,1555
11,1555
14,1555
15,1555
17,1555
24,1555
1,1556
2,1556
3,1556
5,1556
11,1556
14,1556
15,1556
17,1556
24,1556
1,1557
2,1557
3,1557
5,1557
11,1557
14,1557
15,1557
17,1557
24,1557
9,1570
1,1571
9,1572
1,1573
9,1574
1,1575
9,1578
1,1579
9,1580
1,1581
9,1582
1,1583
1,1585
3,1585
15,1585
21,1585
1,1586
3,1586
15,1586
21,1586
1,1587
3,1587
15,1587
21,1587
1,1600
2,1600
3,1600
6,1600
11,1600
15,1600
21,1600
24,1600
1,1602
2,1602
3,1602
6,1602
11,1602
15,1602
21,1602
24,1602
1,1604
2,1604
3,1604
6,1604
11,1604
15,1604
21,1604
24,1604
9,1606
9,1607
9,1608
9,1609
9,1610
9,1611
9,1612
9,1613
9,1614
1,1619
15,1619
9,1623
9,1624
1,1641
3,1641
5,1641
14,1641
15,1641
24,1641
1,1642
3,1642
5,1642
14,1642
15,1642
24,1642
1,1643
3,1643
5,1643
14,1643
15,1643
24,1643
9,1651
1,1652
9,1653
9,1654
9,1655
1,1658
9,1659
1,1662
9,1662
9,1664
1,1665
9,1665
1,1679
3,1679
2,1680
9,1680
16,1680
9,1683
22,1683
23,1683
9,1684
22,1684
23,1684
9,1685
22,1685
23,1685
9,1689
9,1690
1,1691
3,1691
1,1692
3,1692
1,1693
3,1693
1,1696
3,1696
15,1696
1,1697
3,1697
15,1697
1,1698
3,1698
15,1698
1,1699
3,1699
15,1699
1,1700
3,1700
5,1700
6,1700
11,1700
14,1700
24,1700
1,1701
3,1701
5,1701
6,1701
11,1701
14,1701
24,1701
1,1702
3,1702
5,1702
6,1702
11,1702
14,1702
24,1702
1,1703
3,1703
5,1703
6,1703
11,1703
14,1703
24,1703
1,1704
3,1704
5,1704
6,1704
11,1704
14,1704
24,1704
1,1705
3,1705
5,1705
6,1705
11,1705
14,1705
24,1705
9,1723
9,1724
9,1725
9,1726
3,1734
1,1735
3,1735
1,1736
3,1736
1,1737
3,1737
1,1738
3,1738
5,1740
6,1740
11,1740
14,1740
24,1740
5,1741
6,1741
11,1741
14,1741
24,1741
5,1742
6,1742
11,1742
14,1742
24,1742
5,1743
6,1743
11,1743
14,1743
24,1743
5,1745
6,1745
11,1745
14,1745
24,1745
5,1746
6,1746
11,1746
14,1746
24,1746
5,1747
6,1747
11,1747
14,1747
24,1747
2,1749
9,1749
16,1749
22,1749
1,1750
1,1755
3,1755
5,1755
6,1755
11,1755
14,1755
24,1755
22,1757
1,1758
3,1758
5,1758
6,1758
9,1758
11,1758
21,1758
22,1758
1,1759
3,1759
5,1759
6,1759
9,1759
11,1759
21,1759
22,1759
9,1760
22,1760
23,1760
9,1761
22,1761
23,1761
9,1762
23,1762
9,1766
3,1767
1,1768
3,1768
5,1768
6,1768
9,1768
11,1768
14,1768
15,1768
21,1768
24,1768
1,1769
3,1769
5,1769
6,1769
9,1769
11,1769
14,1769
15,1769
21,1769
24,1769
1,1774
9,1774
1,1781
3,1781
9,1781
1,1782
9,1782
3,1784
1,1785
3,1785
5,1785
6,1785
11,1785
9,1786
6,1787
1,1806
9,1806
1,1807
3,1807
4,1807
8,1807
9,1807
10,1807
1,1808
3,1808
1,1817
9,1817
1,1818
3,1818
9,1818
21,1818
9,1820
9,1821
9,1822
21,1823
9,1832
9,1833
9,1834
9,1835
1,1842
3,1842
21,1842
1,1843
3,1843
21,1843
9,1845
9,1846
1,1849
3,1849
16,1849
21,1849
25,1849
9,1850
9,1851
1,1852
3,1852
6,1852
11,1852
14,1852
15,1852
21,1852
1,1853
3,1853
6,1853
15,1853
1,1854
3,1854
5,1854
6,1854
14,1854
15,1854
21,1854
1,1855
3,1855
6,1855
15,1855
21,1855
1,1858
3,1858
6,1858
11,1858
15,1858
21,1858
1,1859
3,1859
14,1859
15,1859
21,1859
9,1880
1,1890
4,1890
21,1890
1,1891
3,1891
21,1891
1,1892
3,1892
21,1892
1,1893
9,1893
21,1893
1,1894
3,1894
9,1894
15,1894
1,1895
3,1895
9,1895
15,1895
9,1899
9,1900
9,1901
9,1903
1,1904
1,1909
9,1909
1,1910
9,1911
1,1912
1,1913
3,1913
5,1913
6,1913
11,1913
14,1913
15,1913
17,1913
21,1913
24,1913
1,1915
3,1915
5,1915
6,1915
11,1915
14,1915
15,1915
17,1915
21,1915
24,1915
16,1917
9,1923
9,1925
1,1926
1,1927
9,1928
9,1929
9,1932
9,1933
9,1934
9,1935
9,1936
1,1937
3,1937
9,1937
1,1938
3,1938
5,1938
6,1938
11,1938
14,1938
15,1938
21,1938
24,1938
9,1939
23,1939
1,1948
3,1948
15,1948
21,1948
9,1949
1,1950
3,1950
5,1951
6,1951
2,1952
9,1952
22,1952
23,1952
2,1953
9,1953
22,1953
23,1953
2,1954
9,1954
22,1954
23,1954
9,1955
22,1955
23,1955
1,1956
5,1956
6,1956
11,1956
17,1956
22,1956
23,1956
24,1956
9,1957
22,1957
23,1957
1,1958
9,1958
1,1959
9,1959
9,1970
1,1971
6,1971
21,1971
3,1972
1,1973
3,1973
9,1973
1,1974
9,1974
5,1975
6,1975
14,1975
24,1975
23,1976
1,1977
9,1977
5,1978
14,1978
24,1978
23,1979
1,1981
3,1981
5,1981
9,1981
11,1981
21,1981
24,1981
1,1985
3,1985
5,1985
6,1985
9,1985
11,1985
14,1985
15,1985
21,1985
23,1985
24,1985
1,1989
1,1990
9,2003
1,2004
3,2004
5,2004
9,2005
1,2006
9,2007
1,2008
3,2008
22,2008
9,2009
9,2010
9,2011
9,2012
1,2013
9,2013
15,2013
9,2014
9,2015
1,2016
1,2017
21,2017
9,2018
1,2019
3,2019
21,2019
5,2020
6,2020
11,2020
14,2020
15,2020
9,2021
1,2022
6,2022
9,2027
1,2028
5,2028
14,2028
15,2028
9,2029
1,2031
3,2031
5,2031
6,2031
9,2031
11,2031
21,2031
24,2031
9,2032
9,2035
1,2037
3,2037
1,2041
6,2041
24,2041
9,2042
9,2043
1,2044
3,2044
5,2044
6,2044
11,2044
21,2044
24,2044
9,2045
1,2046
3,2046
5,2046
6,2046
11,2046
21,2046
24,2046
9,2047
1,2049
3,2049
5,2049
11,2049
14,2049
21,2049
6,2050
1,2051
3,2051
5,2051
11,2051
14,2051
21,2051
6,2052
1,2053
3,2053
6,2053
24,2053
1,2054
3,2054
6,2054
24,2054
1,2055
3,2055
6,2055
24,2055
1,2056
3,2056
6,2056
24,2056
1,2057
3,2057
6,2057
24,2057
1,2058
3,2058
6,2058
24,2058
1,2059
3,2059
5,2059
6,2059
11,2059
16,2059
21,2059
16,2060
1,2061
9,2061
9,2062
9,2063
1,2064
1,2065
3,2065
9,2071
1,2072
3,2072
5,2072
6,2072
11,2072
14,2072
15,2072
17,2072
21,2072
24,2072
1,2073
3,2073
5,2073
6,2073
11,2073
14,2073
15,2073
17,2073
21,2073
24,2073
1,2074
3,2074
5,2074
6,2074
11,2074
14,2074
17,2074
21,2074
24,2074
1,2075
3,2075
5,2075
6,2075
11,2075
14,2075
17,2075
21,2075
24,2075
1,2076
3,2076
21,2076
9,2083
16,2083
9,2085
16,2085
9,2086
23,2086
9,2087
23,2087
9,2088
23,2088
9,2089
23,2089
9,2090
23,2090
9,2091
23,2091
9,2092
9,2093
1,2094
3,2094
21,2094
1,2095
5,2095
6,2095
9,2095
14,2095
15,2095
1,2097
9,2097
9,2098
9,2099
9,2100
9,2102
9,2104
9,2105
1,2106
5,2106
6,2106
9,2106
14,2106
15,2106
1,2107
5,2107
6,2107
9,2107
14,2107
15,2107
1,2108
2,2108
3,2108
16,2108
2,2109
9,2109
16,2109
1,2110
5,2110
6,2110
9,2110
14,2110
15,2110
1,2111
5,2111
6,2111
9,2111
14,2111
15,2111
1,2112
5,2112
6,2112
9,2112
14,2112
15,2112
1,2113
5,2113
6,2113
9,2113
14,2113
15,2113
1,2114
3,2114
9,2114
1,2122
1,2124
3,2124
5,2124
6,2124
14,2124
9,2131
1,2132
6,2132
1,2134
3,2134
5,2134
6,2134
9,2134
14,2134
1,2135
3,2135
5,2135
6,2135
9,2135
14,2135
2,2136
16,2136
2,2137
16,2137
2,2138
16,2138
9,2141
22,2141
23,2141
9,2142
16,2142
2,2143
9,2143
1,2144
6,2144
9,2144
2,2152
9,2152
2,2153
9,2153
2,2154
9,2154
2,2155
9,2155
9,2157
9,2158
9,2159
9,2161
9,2162
23,2162
1,2168
2,2168
3,2168
5,2168
6,2168
11,2168
14,2168
15,2168
17,2168
20,2168
21,2168
24,2168
25,2168
1,2169
3,2169
5,2169
6,2169
11,2169
20,2169
21,2169
1,2170
3,2170
5,2170
6,2170
11,2170
20,2170
21,2170
1,2172
5,2172
6,2172
9,2172
11,2172
14,2172
17,2172
24,2172
14,2173
1,2174
9,2174
9,2176
3,2177
1,2179
1,2180
6,2180
9,2182
9,2183
9,2184
9,2185
9,2186
9,2187
9,2188
22,2188
23,2188
1,2189
3,2189
9,2190
22,2190
23,2190
9,2191
22,2191
23,2191
1,2198
1,2199
3,2199
9,2200
9,2201
9,2202
9,2203
9,2204
23,2204
9,2205
23,2205
9,2206
23,2206
9,2208
23,2208
9,2209
9,2212
9,2214
2,2216
9,2216
16,2216
22,2216
9,2224
1,2228
5,2228
6,2228
14,2228
15,2228
9,2229
9,2230
9,2231
9,2232
9,2233
9,2235
22,2235
9,2236
22,2236
9,2237
22,2237
9,2238
22,2238
9,2251
1,2252
9,2260
22,2260
9,2261
22,2261
9,2262
22,2262
9,2263
22,2263
9,2264
22,2264
1,2265
5,2265
6,2265
14,2265
15,2265
1,2266
5,2266
6,2266
14,2266
15,2266
1,2267
5,2267
6,2267
14,2267
15,2267
1,2268
5,2268
6,2268
14,2268
15,2268
1,2269
5,2269
6,2269
14,2269
15,2269
1,2270
5,2270
6,2270
14,2270
15,2270
9,2271
9,2278
9,2279
9,2282
22,2282
23,2282
9,2283
22,2283
9,2284
22,2284
9,2285
22,2285
1,2286
1,2287
1,2288
1,2289
1,2293
3,2293
1,2294
3,2294
1,2295
3,2295
2,2296
9,2296
1,2297
3,2297
14,2297
16,2297
9,2298
1,2304
9,2305
1,2306
15,2306
1,2307
15,2307
9,2313
1,2314
3,2314
5,2314
6,2314
11,2314
14,2314
15,2314
17,2314
21,2314
24,2314
1,2315
1,2316
3,2316
21,2316
1,2317
9,2318
22,2318
9,2319
9,2320
9,2321
9,2322
9,2325
9,2327
1,2336
1,2339
3,2339
5,2339
6,2339
14,2339
15,2339
1,2340
3,2340
5,2340
6,2340
14,2340
15,2340
9,2341
9,2347
9,2349
1,2350
9,2350
15,2350
9,2351
1,2357
3,2357
1,2358
3,2358
6,2358
9,2358
21,2358
1,2359
3,2359
6,2359
9,2359
21,2359
1,2361
2,2361
3,2361
20,2361
21,2361
25,2361
1,2362
2,2362
3,2362
20,2362
21,2362
25,2362
1,2363
9,2363
15,2363
1,2365
9,2365
15,2365
1,2366
2,2366
3,2366
24,2366
25,2366
1,2367
3,2367
21,2367
24,2367
25,2367
9,2368
1,2369
2,2369
3,2369
5,2369
6,2369
11,2369
16,2369
24,2369
25,2369
1,2370
2,2370
3,2370
21,2370
24,2370
25,2370
1,2371
3,2371
6,2371
9,2371
11,2371
21,2371
1,2373
3,2373
5,2373
6,2373
14,2373
17,2373
24,2373
1,2374
3,2374
5,2374
6,2374
14,2374
17,2374
24,2374
11,2376
11,2377
1,2378
3,2378
5,2378
6,2378
9,2378
11,2378
21,2378
22,2378
23,2378
24,2378
1,2379
16,2379
1,2381
5,2381
6,2381
9,2381
22,2381
23,2381
1,2382
5,2382
6,2382
9,2382
22,2382
23,2382
1,2383
5,2383
6,2383
9,2383
22,2383
23,2383
9,2390
22,2390
1,2391
15,2391
9,2393
23,2393
6,2394
9,2395
9,2396
9,2399
9,2400
9,2401
16,2401
9,2402
1,2403
9,2403
15,2403
21,2403
9,2408
9,2409
1,2410
3,2410
9,2410
24,2410
9,2412
9,2413
9,2414
9,2415
9,2416
9,2429
1,2430
1,2431
2,2431
9,2431
1,2432
2,2432
9,2432
1,2433
2,2433
9,2433
1,2434
2,2434
9,2434
1,2435
2,2435
9,2435
23,2436
23,2437
23,2438
23,2439
23,2440
9,2446
16,2446
9,2447
22,2447
23,2447
9,2448
22,2448
23,2448
1,2449
5,2449
9,2449
22,2449
23,2449
1,2451
6,2451
9,2451
15,2451
22,2451
23,2451
9,2452
23,2452
1,2454
6,2454
9,2454
15,2454
22,2454
23,2454
1,2455
6,2455
9,2455
15,2455
22,2455
23,2455
1,2456
3,2456
5,2456
6,2456
11,2456
14,2456
15,2456
24,2456
9,2457
22,2457
1,2458
3,2458
21,2458
9,2459
1,2460
9,2460
9,2461
23,2461
1,2462
3,2462
5,2462
6,2462
9,2462
11,2462
14,2462
15,2462
21,2462
22,2462
24,2462
1,2463
3,2463
5,2463
6,2463
11,2463
14,2463
15,2463
21,2463
22,2463
24,2463
9,2464
23,2464
9,2469
1,2470
5,2470
6,2470
9,2470
11,2470
14,2470
15,2470
17,2470
21,2470
24,2470
1,2471
5,2471
6,2471
9,2471
11,2471
14,2471
15,2471
17,2471
21,2471
24,2471
1,2472
5,2472
6,2472
9,2472
11,2472
14,2472
15,2472
17,2472
21,2472
24,2472
1,2473
3,2473
9,2473
21,2473
22,2473
23,2473
1,2475
3,2475
4,2475
8,2475
9,2475
10,2475
21,2475
1,2476
3,2476
5,2476
6,2476
1,2477
3,2477
5,2477
6,2477
1,2478
3,2478
5,2478
6,2478
1,2479
3,2479
5,2479
6,2479
1,2480
3,2480
5,2480
6,2480
1,2481
3,2481
5,2481
6,2481
1,2482
3,2482
5,2482
6,2482
11,2482
14,2482
15,2482
21,2482
24,2482
9,2483
22,2483
23,2483
9,2485
22,2485
23,2485
9,2486
22,2486
23,2486
9,2487
22,2487
23,2487
9,2488
22,2488
23,2488
9,2489
22,2489
23,2489
9,2502
22,2502
23,2502
9,2503
22,2503
23,2503
9,2504
22,2504
23,2504
9,2505
22,2505
23,2505
1,2506
6,2506
9,2510
22,2510
23,2510
9,2511
22,2511
23,2511
2,2512
9,2512
16,2512
22,2512
23,2512
9,2521
1,2542
9,2542
1,2544
9,2544
9,2547
1,2548
3,2548
6,2548
11,2548
14,2548
9,2550
23,2551
22,2552
9,2553
1,2555
3,2555
5,2555
6,2555
11,2555
14,2555
15,2555
22,2555
1,2557
5,2557
6,2557
11,2557
14,2557
15,2557
22,2557
9,2564
9,2565
9,2566
1,2568
3,2568
6,2568
9,2568
22,2568
9,2569
1,2570
1,2573
2,2573
3,2573
22,2583
22,2584
22,2585
2,2586
9,2586
9,2587
1,2588
1,2589
1,2602
3,2602
24,2602
1,2603
21,2603
1,2625
3,2625
24,2625
1,2636
3,2636
6,2636
9,2636
11,2636
24,2636
1,2642
15,2642
1,2643
15,2643
22,2648
22,2649
22,2650
9,2663
9,2665
1,2672
3,2673
9,2695
1,2696
3,2696
21,2713
9,2714
22,2714
23,2714
9,2715
22,2715
23,2715
9,2716
22,2716
23,2716
9,2717
22,2717
23,2717
9,2718
22,2718
23,2718
9,2720
23,2720
1,2725
3,2725
1,2726
3,2726
9,2726
22,2728
6,2733
1,2734
2,2734
3,2734
6,2734
15,2734
24,2734
9,2751
23,2752
9,2758
21,2759
9,2767
22,2767
9,2768
22,2768
9,2769
22,2769
9,2770
22,2770
9,2771
22,2771
9,2772
22,2772
9,2773
22,2773
1,2774
3,2774
5,2774
1,2782
9,2784
22,2784
1,2786
2,2786
3,2786
5,2786
6,2786
11,2786
14,2786
15,2786
17,2786
21,2786
22,2786
24,2786
9,2787
9,2788
9,2790
9,2799
23,2799
9,2825
16,2825
9,2826
16,2826
9,2827
16,2827
11,2831
9,2832
22,2832
9,2833
22,2833
9,2834
22,2834
9,2835
22,2835
9,2836
22,2836
9,2837
22,2837
5,2838
1,2839
3,2839
15,2839
21,2839
1,2840
3,2840
15,2840
21,2840
1,2841
15,2841
9,2842
1,2843
3,2843
4,2843
8,2843
9,2843
10,2843
11,2843
24,2843
1,2844
3,2844
15,2844
1,2845
3,2845
15,2845
1,2846
3,2846
15,2846
1,2847
3,2847
15,2847
1,2848
3,2848
15,2848
9,2854
22,2854
1,2856
3,2856
15,2856
9,2858
2,2860
9,2860
16,2860
2,2861
9,2861
16,2861
1,2877
3,2877
6,2877
11,2877
15,2877
21,2877
24,2877
1,2878
3,2878
6,2878
11,2878
15,2878
21,2878
24,2878
9,2881
1,2889
3,2889
15,2889
1,2890
3,2890
15,2890
1,2891
3,2891
15,2891
1,2892
3,2892
15,2892
1,2893
3,2893
15,2893
1,2932
21,2932
9,2967
1,2969
21,2969
9,2970
1,2973
3,2973
1,2974
3,2974
1,2978
3,2978
5,2978
6,2978
11,2978
14,2978
15,2978
21,2978
24,2978
9,2981
9,2982
9,2983
9,2984
23,2984
9,2985
23,2985
9,2986
9,2987
9,2988
2,2992
9,2992
22,2992
9,3010
9,3011
1,3014
3,3014
4,3014
8,3014
9,3014
10,3014
1,3043
3,3043
6,3043
9,3043
15,3043
21,3043
9,3044
15,3044
1,3046
3,3046
22,3046
1,3055
3,3055
9,3055
9,3056
9,3057
22,3057
9,3059
22,3059
9,3060
22,3060
9,3063
22,3063
9,3077
9,3079
2,3092
9,3092
22,3092
9,3095
23,3095
16,3112
1,3113
1,3114
3,3114
5,3114
1,3115
9,3115
1,3116
9,3136
9,3138
9,3139
9,3140
9,3141
9,3142
9,3147
23,3147
1,3148
9,3148
9,3149
1,3151
1,3152
9,3152
1,3159
9,3159
1,3160
9,3160
9,3166
9,3169
9,3171
9,3172
9,3173
9,3174
9,3175
9,3176
9,3177
9,3205
23,3205
9,3206
23,3206
9,3207
23,3207
1,3209
9,3228
9,3229
9,3230
9,3231
9,3232
9,3233
9,3234
9,3235
9,3236
9,3237
9,3238
1,3239
3,3239
15,3239
22,3239
1,3240
3,3240
15,3240
22,3240
1,3241
3,3241
15,3241
22,3241
1,3242
3,3242
15,3242
22,3242
1,3243
3,3243
15,3243
22,3243
9,3247
1,3253
5,3253
6,3253
9,3253
11,3253
14,3253
15,3253
17,3253
21,3253
22,3253
24,3253
1,3254
5,3254
6,3254
9,3254
11,3254
14,3254
15,3254
17,3254
21,3254
22,3254
24,3254
1,3255
5,3255
6,3255
9,3255
11,3255
14,3255
15,3255
17,3255
21,3255
22,3255
24,3255
1,3256
5,3256
6,3256
9,3256
11,3256
14,3256
15,3256
17,3256
21,3256
22,3256
24,3256
1,3257
5,3257
6,3257
9,3257
11,3257
14,3257
15,3257
17,3257
21,3257
22,3257
24,3257
9,3258
9,3259
1,3261
15,3261
1,3273
3,3273
5,3273
6,3273
14,3273
15,3273
17,3273
21,3273
22,3273
24,3273
1,3274
3,3274
5,3274
6,3274
14,3274
15,3274
17,3274
21,3274
22,3274
24,3274
1,3275
3,3275
5,3275
6,3275
14,3275
15,3275
17,3275
21,3275
22,3275
24,3275
9,3296
22,3296
9,3297
22,3297
9,3300
23,3300
9,3301
23,3301
9,3302
23,3302
9,3304
23,3304
23,3321
9,3351
23,3351
1,3366
9,3375
9,3376
9,3377
9,3378
1,3390
9,3390
1,3391
9,3391
1,3392
9,3392
1,3393
9,3393
1,3407
3,3407
5,3407
11,3407
1,3408
3,3408
5,3408
11,3408
1,3409
3,3409
5,3409
11,3409
1,3410
3,3410
5,3410
11,3410
1,3411
3,3411
5,3411
11,3411
9,3422
23,3422
9,3423
23,3423
9,3424
23,3424
9,3425
23,3425
6,3426
9,3426
23,3426
1,3445
3,3445
5,3445
6,3445
15,3445
2,3456
9,3456
16,3456
23,3456
2,3457
9,3457
16,3457
23,3457
1,3473
3,3473
5,3473
6,3473
11,3473
14,3473
15,3473
22,3473
24,3473
1,3474
3,3474
5,3474
6,3474
11,3474
14,3474
15,3474
22,3474
24,3474
9,3476
1,3477
9,3477
9,3478
9,3486
1,3509
9,3509
1,3511
9,3511
1,3512
9,3512
1,3514
9,3514
1,3532
5,3532
6,3532
14,3532
15,3532
1,3533
5,3533
6,3533
14,3533
15,3533
1,3534
5,3534
6,3534
14,3534
15,3534
22,3534
1,3535
5,3535
6,3535
14,3535
15,3535
1,3536
5,3536
6,3536
14,3536
15,3536
1,3537
5,3537
6,3537
14,3537
15,3537
1,3538
5,3538
6,3538
14,3538
15,3538
1,3539
5,3539
6,3539
14,3539
15,3539
1,3540
5,3540
6,3540
14,3540
15,3540
22,3541
1,3543
3,3543
21,3543
9,3544
2,3545
9,3545
9,3546
9,3547
2,3548
9,3548
9,3549
9,3550
9,3551
1,3586
3,3586
5,3586
11,3586
14,3586
15,3586
17,3586
24,3586
1,3587
3,3587
5,3587
6,3587
11,3587
14,3587
15,3587
17,3587
21,3587
22,3587
24,3587
1,3589
9,3589
15,3589
9,3601
9,3610
1,3616
3,3616
5,3616
6,3616
11,3616
14,3616
21,3616
22,3616
24,3616
1,3617
3,3617
15,3617
9,3621
9,3622
9,3623
9,3624
9,3625
9,3626
9,3627
9,3628
21,3629
1,3630
3,3630
15,3630
21,3630
1,3633
3,3633
9,3633
15,3633
1,3641
5,3641
6,3641
14,3641
1,3650
3,3650
5,3650
6,3650
11,3650
14,3650
15,3650
21,3650
22,3650
24,3650
9,3651
1,3652
3,3652
5,3652
6,3652
11,3652
14,3652
15,3652
21,3652
22,3652
24,3652
1,3658
3,3658
5,3658
11,3658
15,3658
22,3658
24,3658
1,3659
3,3659
5,3659
11,3659
15,3659
22,3659
24,3659
1,3660
3,3660
5,3660
11,3660
15,3660
22,3660
24,3660
1,3661
3,3661
21,3661
1,3662
3,3662
21,3662
9,3663
16,3663
22,3663
9,3664
16,3664
22,3664
9,3665
16,3665
22,3665
1,3667
3,3667
5,3667
6,3667
11,3667
14,3667
15,3667
21,3667
24,3667
1,3668
3,3668
5,3668
6,3668
11,3668
14,3668
15,3668
21,3668
24,3668
1,3669
3,3669
1,3672
3,3672
5,3672
6,3672
11,3672
14,3672
15,3672
21,3672
22,3672
24,3672
1,3673
3,3673
5,3673
6,3673
11,3673
14,3673
15,3673
21,3673
22,3673
24,3673
1,3674
3,3674
5,3674
6,3674
11,3674
14,3674
15,3674
21,3674
22,3674
24,3674
1,3675
2,3675
3,3675
5,3675
11,3675
14,3675
15,3675
16,3675
24,3675
1,3676
2,3676
3,3676
5,3676
11,3676
14,3676
15,3676
16,3676
24,3676
1,3679
2,3679
3,3679
5,3679
11,3679
14,3679
15,3679
16,3679
24,3679
9,3681
23,3681
9,3682
23,3682
9,3684
23,3684
9,3685
23,3685
9,3686
23,3686
9,3687
23,3687
9,3688
9,3689
9,3690
9,3691
9,3692
9,3695
9,3696
9,3697
9,3698
9,3702
9,3703
9,3716
9,3717
9,3718
9,3767
1,3768
3,3768
21,3768
22,3768
9,3769
22,3769
5,3770
6,3770
11,3770
14,3770
15,3770
24,3770
22,3771
9,3772
22,3772
1,3779
3,3779
21,3779
9,3780
9,3781
9,3782
22,3782
23,3782
9,3783
1,3785
9,3785
9,3791
22,3791
1,3797
3,3797
6,3797
15,3797
21,3797
24,3797
9,3823
9,3824
1,3841
3,3841
15,3841
21,3841
9,3843
9,3844
2,3859
9,3859
2,3860
9,3860
2,3861
9,3861
2,3862
9,3862
9,3879
23,3879
9,3880
23,3880
9,3883
23,3883
9,3884
23,3884
9,3885
23,3885
1,3887
3,3887
5,3887
6,3887
11,3887
14,3887
15,3887
17,3887
21,3887
21,3894
9,3898
9,3901
9,3903
9,3904
9,3905
9,3928
9,3934
9,3935
9,3936
9,3938
9,3939
9,3940
9,3941
9,3942
9,3943
9,3944
9,3945
9,3946
9,3947
9,3948
9,3949
9,3950
9,3951
9,3952
9,3953
9,3954
9,3955
9,3956
9,3957
9,3967
1,3972
9,3974
9,3975
1,3976
3,3976
1,3977
9,3980
9,3981
9,3982
9,3983
9,3985
9,3987
9,3988
1,4001
9,4001
1,4002
3,4002
5,4002
14,4002
9,4003
9,4036
9,4037
9,4038
9,4040
9,4050
9,4057
9,4058
9,4059
9,4060
2,4071
2,4072
9,4079
22,4079
23,4079
9,4080
22,4080
23,4080
1,4084
5,4084
6,4084
14,4084
15,4084
1,4085
5,4085
6,4085
14,4085
1,4088
5,4088
6,4088
14,4088
15,4088
1,4089
5,4089
6,4089
14,4089
15,4089
9,4147
9,4148
9,4149
9,4150
9,4151
9,4152
9,4153
9,4154
9,4163
22,4163
1,4164
6,4164
1,4165
6,4165
1,4166
6,4166
1,4167
6,4167
1,4168
6,4168
1,4169
6,4169
1,4176
1,4177
1,4178
1,4179
1,4180
1,4183
1,4239
3,4239
5,4239
6,4239
11,4239
14,4239
15,4239
17,4239
24,4239
1,4242
3,4242
5,4242
11,4242
14,4242
15,4242
17,4242
24,4242
21,4245
9,4247
22,4247
23,4247
1,4249
3,4249
1,4250
3,4250
1,4251
3,4251
1,4252
3,4252
1,4254
3,4254
9,4264
9,4265
9,4274
9,4278
9,4279
9,4280
1,4287
3,4287
5,4287
6,4287
11,4287
14,4287
1,4288
3,4288
5,4288
6,4288
11,4288
14,4288
1,4300
3,4300
1,4301
3,4301
1,4302
3,4302
1,4308
3,4308
5,4308
6,4308
14,4308
15,4308
1,4309
3,4309
5,4309
6,4309
14,4309
15,4309
1,4310
3,4310
5,4310
6,4310
14,4310
15,4310
1,4317
3,4317
24,4317
1,4343
3,4343
1,4344
3,4344
1,4345
3,4345
1,4346
3,4346
9,4348
9,4349
1,4356
3,4356
21,4356
9,4357
9,4358
1,4359
5,4359
6,4359
11,4359
1,4360
5,4360
6,4360
11,4360
9,4361
22,4361
9,4362
22,4362
9,4363
22,4363
1,4373
3,4373
5,4373
6,4373
11,4373
14,4373
15,4373
21,4373
24,4373
1,4374
3,4374
5,4374
6,4374
11,4374
14,4374
15,4374
21,4374
24,4374
1,4387
3,4387
4,4387
8,4387
10,4387
21,4387
9,4388
9,4390
9,4391
9,4392
9,4393
9,4394
9,4395
1,4396
3,4396
15,4396
21,4396
1,4397
3,4397
15,4397
21,4397
1,4398
15,4398
9,4410
23,4411
2,4427
2,4428
9,4429
9,4431
9,4432
9,4433
9,4441
9,4444
1,4447
5,4447
14,4447
15,4447
1,4450
3,4450
6,4450
22,4450
24,4450
1,4451
3,4451
6,4451
22,4451
24,4451
1,4452
3,4452
6,4452
22,4452
24,4452
1,4453
3,4453
6,4453
22,4453
24,4453
1,4454
3,4454
6,4454
22,4454
24,4454
1,4455
3,4455
6,4455
22,4455
24,4455
1,4456
3,4456
6,4456
22,4456
24,4456
1,4457
3,4457
6,4457
22,4457
24,4457
2,4475
1,4483
3,4483
5,4483
6,4483
11,4483
14,4483
15,4483
21,4483
24,4483
1,4484
3,4484
5,4484
6,4484
11,4484
14,4484
15,4484
21,4484
24,4484
1,4490
3,4490
5,4490
6,4490
11,4490
14,4490
15,4490
24,4490
1,4491
3,4491
5,4491
6,4491
11,4491
14,4491
15,4491
24,4491
1,4492
3,4492
5,4492
6,4492
11,4492
14,4492
15,4492
24,4492
1,4493
3,4493
5,4493
6,4493
11,4493
14,4493
15,4493
24,4493
9,4509
9,4510
9,4511
9,4514
9,4515
1,4536
1,4538
9,4539
9,4542
9,4543
9,4544
9,4545
9,4546
9,4547
9,4548
9,4565
9,4578
9,4579
9,4580
9,4582
9,4583
21,4584
9,4599
9,4600
9,4601
9,4602
9,4603
9,4604
9,4605
21,4606
21,4607
1,4608
3,4608
21,4608
1,4609
3,4609
21,4609
1,4610
3,4610
21,4610
1,4611
3,4611
1,4612
3,4612
1,4613
1,4614
1,4615
3,4615
9,4647
9,4649
9,4650
9,4652
9,4653
1,4655
3,4655
1,4656
3,4656
1,4657
3,4657
1,4658
3,4658
9,4667
9,4668
9,4669
9,4670
1,4671
3,4671
15,4671
1,4672
3,4672
15,4672
1,4673
3,4673
15,4673
1,4674
3,4674
15,4674
9,4689
9,4690
9,4691
9,4692
9,4693
9,4694
9,4695
9,4696
9,4697
9,4698
1,4699
9,4705
9,4707
9,4708
9,4712
9,4713
9,4715
9,4718
9,4720
1,4724
3,4724
1,4726
3,4726
1,4727
3,4727
1,4730
3,4730
1,4731
3,4731
1,4735
3,4735
1,4737
3,4737
9,4789
23,4789
9,4790
23,4790
9,4804
9,4805
9,4807
9,4810
9,4811
9,4812
9,4813
1,4814
3,4814
2,4815
16,4815
1,4816
3,4816
1,4817
3,4817
1,4818
3,4818
9,4824
9,4825
9,4826
9,4827
9,4861
9,4862
22,4863
2,4864
22,4864
1,4866
3,4866
5,4866
6,4866
11,4866
14,4866
15,4866
21,4866
24,4866
1,4868
3,4868
5,4868
6,4868
11,4868
14,4868
15,4868
21,4868
24,4868
1,4869
3,4869
5,4869
6,4869
11,4869
14,4869
15,4869
21,4869
24,4869
1,4870
3,4870
5,4870
6,4870
11,4870
14,4870
15,4870
21,4870
24,4870
1,4871
3,4871
5,4871
6,4871
11,4871
14,4871
15,4871
21,4871
24,4871
1,4872
3,4872
5,4872
6,4872
11,4872
14,4872
15,4872
21,4872
24,4872
1,4874
3,4874
5,4874
6,4874
11,4874
14,4874
15,4874
21,4874
24,4874
1,4875
3,4875
5,4875
6,4875
11,4875
14,4875
15,4875
21,4875
24,4875
1,4876
3,4876
5,4876
6,4876
11,4876
14,4876
15,4876
21,4876
24,4876
1,4879
3,4879
5,4879
6,4879
11,4879
14,4879
15,4879
21,4879
24,4879
1,4880
3,4880
5,4880
6,4880
11,4880
14,4880
15,4880
21,4880
24,4880
1,4882
3,4882
5,4882
6,4882
11,4882
14,4882
15,4882
21,4882
24,4882
1,4883
3,4883
5,4883
6,4883
11,4883
14,4883
15,4883
21,4883
24,4883
9,4884
1,4893
3,4893
5,4893
11,4893
14,4893
15,4893
1,4894
3,4894
5,4894
11,4894
14,4894
15,4894
1,4895
3,4895
5,4895
11,4895
14,4895
15,4895
1,4896
3,4896
5,4896
11,4896
14,4896
15,4896
1,4897
3,4897
5,4897
11,4897
14,4897
15,4897
1,4898
3,4898
5,4898
11,4898
14,4898
15,4898
1,4899
3,4899
5,4899
11,4899
14,4899
15,4899
1,4900
3,4900
5,4900
11,4900
14,4900
15,4900
1,4901
3,4901
5,4901
11,4901
14,4901
15,4901
9,4902
9,4903
9,4904
9,4905
1,4909
2,4909
3,4909
6,4909
11,4909
16,4909
21,4909
24,4909
9,4926
9,4950
9,4951
9,4954
9,4955
9,4957
9,4958
9,4959
9,4960
9,4961
9,4962
9,4964
9,4965
9,4967
9,4968
9,4969
9,4970
1,4971
9,4971
1,4972
1,4973
9,4973
9,4974
9,4975
9,5037
9,5038
1,5039
9,5040
22,5040
9,5042
22,5042
1,5055
3,5055
5,5055
6,5055
14,5055
15,5055
24,5055
1,5056
3,5056
5,5056
6,5056
14,5056
15,5056
24,5056
1,5057
3,5057
5,5057
6,5057
14,5057
15,5057
24,5057
1,5058
3,5058
5,5058
6,5058
14,5058
15,5058
24,5058
1,5059
3,5059
5,5059
6,5059
14,5059
15,5059
24,5059
1,5060
3,5060
5,5060
6,5060
14,5060
15,5060
24,5060
1,5061
3,5061
5,5061
6,5061
14,5061
15,5061
24,5061
1,5062
3,5062
5,5062
6,5062
14,5062
15,5062
24,5062
1,5063
3,5063
5,5063
6,5063
14,5063
15,5063
24,5063
1,5064
3,5064
5,5064
6,5064
14,5064
15,5064
24,5064
1,5065
3,5065
5,5065
6,5065
14,5065
15,5065
24,5065
1,5066
3,5066
5,5066
6,5066
14,5066
15,5066
24,5066
1,5067
3,5067
5,5067
6,5067
14,5067
15,5067
24,5067
1,5068
3,5068
1,5069
3,5069
1,5070
3,5070
1,5071
3,5071
1,5072
3,5072
1,5073
3,5073
1,5074
3,5074
6,5074
21,5074
22,5074
5,5075
6,5075
11,5075
14,5075
15,5075
17,5075
24,5075
1,5078
3,5078
6,5078
21,5078
22,5078
5,5079
11,5079
14,5079
15,5079
17,5079
24,5079
9,5085
9,5086
9,5102
9,5113
1,5130
5,5130
6,5130
9,5130
14,5130
15,5130
1,5131
5,5131
6,5131
9,5131
14,5131
15,5131
9,5132
9,5134
9,5141
9,5146
22,5146
22,5147
22,5148
22,5149
22,5150
22,5151
22,5152
1,5153
3,5153
21,5153
9,5154
9,5155
9,5156
9,5157
9,5158
9,5159
9,5160
9,5161
9,5162
9,5168
9,5169
1,5178
3,5178
15,5178
1,5179
3,5179
15,5179
1,5181
3,5181
21,5181
22,5181
5,5182
6,5182
11,5182
14,5182
15,5182
24,5182
9,5183
22,5183
9,5200
23,5200
9,5201
23,5201
9,5202
23,5202
9,5204
23,5204
9,5206
9,5207
22,5207
23,5207
1,5210
1,5211
1,5219
9,5220
1,5221
1,5222
9,5223
1,5229
1,5230
1,5231
1,5232
2,5232
3,5232
6,5232
11,5232
15,5232
16,5232
21,5232
24,5232
1,5233
9,5233
15,5233
1,5249
5,5249
6,5249
14,5249
15,5249
1,5251
5,5251
6,5251
14,5251
15,5251
1,5254
6,5254
1,5268
3,5268
21,5268
23,5270
9,5278
9,5288
9,5359
22,5359
23,5359
9,5362
9,5363
22,5363
23,5363
9,5364
22,5364
23,5364
1,5365
3,5365
5,5365
6,5365
11,5365
14,5365
15,5365
24,5365
1,5366
3,5366
15,5366
21,5366
1,5368
3,5368
15,5368
21,5368
1,5408
3,5408
15,5408
21,5408
1,5409
3,5409
15,5409
21,5409
1,5410
3,5410
15,5410
21,5410
1,5527
3,5527
15,5527
1,5529
3,5529
15,5529
9,5534
9,5535
9,5537
9,5538
9,5539
9,5540
9,5541
9,5542
2,5560
9,5560
2,5561
9,5561
1,5562
3,5562
1,5563
3,5563
1,5564
3,5564
1,5565
3,5565
1,5566
3,5566
1,5567
3,5567
1,5568
3,5568
1,5569
3,5569
1,5570
3,5570
1,5571
3,5571
1,5572
3,5572
1,5573
3,5573
1,5574
3,5574
1,5575
3,5575
1,5576
3,5576
9,5577
9,5579
9,5580
1,5581
1,5582
1,5583
9,5584
9,5585
9,5588
9,5589
9,5590
9,5593
9,5613
23,5613
9,5614
23,5614
9,5622
1,5624
5,5624
6,5624
11,5624
14,5624
15,5624
22,5624
24,5624
5,5625
6,5625
14,5625
15,5625
22,5625
1,5626
22,5626
23,5627
23,5628
1,5629
22,5629
5,5630
6,5630
11,5630
14,5630
15,5630
22,5631
1,5632
3,5632
5,5632
6,5632
11,5632
14,5632
15,5632
22,5632
24,5632
9,5635
9,5677
9,5678
9,5683
9,5684
9,5685
9,5698
9,5700
9,5703
9,5706
22,5706
9,5707
22,5707
9,5708
22,5708
9,5709
22,5709
1,5723
2,5723
3,5723
6,5723
11,5723
15,5723
16,5723
21,5723
24,5723
9,5736
9,5768
9,5769
9,5770
9,5771
9,5776
9,5777
9,5778
22,5778
23,5778
9,5779
22,5779
23,5779
9,5781
22,5781
23,5781
1,5783
3,5783
22,5783
24,5783
9,5784
9,5821
1,5843
9,5843
9,5846
9,5847
9,5848
9,5849
9,5851
9,5852
9,5853
9,5856
9,5857
9,5869
16,5869
9,5870
16,5870
9,5871
16,5871
9,5874
23,5874
9,5875
23,5875
9,5876
23,5876
9,5877
23,5877
9,5878
23,5878
9,5879
23,5879
9,5880
23,5880
9,5884
9,5885
1,5898
1,5899
3,5899
15,5899
9,5915
9,5921
9,5922
9,5923
9,5936
9,5940
1,5943
15,5943
1,5944
15,5944
9,5974
9,5985
9,5999
2,6019
9,6019
16,6019
9,6028
1,6029
2,6032
9,6032
22,6032
2,6034
9,6034
22,6034
2,6035
9,6035
22,6035
2,6037
9,6037
22,6037
9,6039
23,6039
9,6040
23,6040
9,6041
23,6041
1,6042
9,6042
9,6043
9,6044
9,6045
9,6046
9,6047
9,6048
9,6056
9,6057
9,6058
9,6059
16,6059
9,6061
9,6065
9,6066
9,6067
9,6068
9,6069
22,6072
23,6072
9,6081
1,6082
6,6082
1,6083
6,6083
1,6084
6,6084
9,6085
9,6089
23,6089
1,6104
3,6104
5,6104
6,6104
14,6104
17,6104
24,6104
9,6105
9,6106
1,6107
1,6108
1,6109
1,6110
1,6111
1,6112
1,6125
5,6125
6,6125
14,6125
15,6125
1,6126
5,6126
6,6126
14,6126
15,6126
9,6130
22,6130
1,6131
3,6131
21,6131
9,6137
1,6138
9,6138
9,6178
9,6179
22,6179
23,6179
2,6183
9,6183
9,6186
9,6187
9,6188
9,6191
9,6212
1,6213
3,6213
5,6213
6,6213
11,6213
14,6213
15,6213
17,6213
24,6213
1,6214
3,6214
5,6214
6,6214
11,6214
14,6214
15,6214
17,6214
24,6214
1,6215
3,6215
5,6215
6,6215
11,6215
14,6215
15,6215
17,6215
24,6215
1,6216
3,6216
5,6216
6,6216
11,6216
14,6216
15,6216
17,6216
24,6216
1,6217
3,6217
5,6217
6,6217
11,6217
14,6217
15,6217
17,6217
24,6217
1,6218
3,6218
5,6218
6,6218
11,6218
14,6218
15,6218
17,6218
24,6218
1,6219
3,6219
5,6219
6,6219
11,6219
14,6219
15,6219
17,6219
24,6219
1,6220
3,6220
5,6220
6,6220
11,6220
14,6220
15,6220
17,6220
24,6220
1,6221
3,6221
5,6221
6,6221
11,6221
14,6221
15,6221
17,6221
24,6221
9,6222
9,6223
9,6224
23,6225
9,6226
9,6227
9,6228
9,6229
3,6235
9,6236
22,6237
1,6238
3,6238
2,6239
9,6239
16,6239
2,6240
9,6240
16,6240
1,6241
1,6242
1,6243
9,6243
22,6243
23,6243
9,6248
1,6251
9,6251
9,6259
1,6278
3,6278
1,6279
3,6279
1,6280
3,6280
5,6280
6,6280
14,6280
15,6280
1,6281
3,6281
5,6281
6,6281
14,6281
15,6281
9,6282
1,6300
1,6301
1,6302
1,6303
1,6304
1,6305
1,6306
1,6307
1,6320
3,6320
15,6320
22,6345
1,6346
3,6346
2,6351
9,6351
9,6354
9,6355
9,6356
9,6357
9,6358
9,6374
9,6375
9,6376
1,6377
2,6377
3,6377
5,6377
11,6377
14,6377
15,6377
17,6377
24,6377
1,6378
2,6378
3,6378
5,6378
11,6378
14,6378
15,6378
17,6378
24,6378
9,6379
9,6380
9,6381
9,6382
9,6415
1,6434
1,6435
1,6436
9,6464
22,6464
9,6465
22,6465
9,6466
22,6466
9,6467
22,6467
9,6468
22,6468
2,6470
2,6471
2,6472
2,6473
2,6474
2,6475
2,6476
9,6481
22,6481
23,6481
1,6500
1,6501
1,6502
1,6503
1,6504
1,6505
1,6515
1,6516
1,6517
1,6518
1,6519
9,6520
22,6520
23,6520
9,6526
9,6527
23,6529
23,6530
9,6532
9,6570
9,6598
9,6599
2,6602
9,6602
22,6602
2,6603
9,6603
22,6603
2,6604
9,6604
22,6604
1,6605
5,6605
6,6605
14,6605
15,6605
1,6606
5,6606
6,6606
14,6606
15,6606
1,6607
3,6607
22,6607
1,6608
3,6608
22,6608
9,6614
9,6615
1,6616
1,6617
1,6618
1,6619
1,6620
9,6621
9,6623
9,6633
9,6660
9,6661
9,6662
1,6664
9,6664
9,6673
2,6691
2,6692
2,6693
1,6702
3,6702
15,6702
1,6703
3,6703
15,6703
1,6704
3,6704
15,6704
9,6710
1,6742
1,6743
1,6744
1,6747
1,6748
1,6749
1,6750
1,6751
1,6752
1,6753
9,6754
9,6756
22,6756
21,6757
2,6758
2,6760
1,6761
9,6761
15,6761
21,6761
9,6767
11,6768
1,6770
22,6770
1,6771
22,6771
11,6772
1,6774
9,6775
1,6776
1,6777
22,6777
1,6778
9,6779
1,6780
1,6781
3,6781
9,6781
23,6781
1,6782
3,6782
9,6782
23,6782
1,6784
5,6785
11,6785
14,6785
24,6785
1,6786
5,6787
6,6787
14,6787
1,6788
5,6788
9,6788
11,6788
14,6788
9,6792
1,6793
11,6794
1,6795
3,6795
5,6795
1,6796
3,6796
9,6796
1,6797
1,6798
1,6804
1,6805
1,6806
1,6809
1,6810
1,6811
1,6812
5,6813
14,6813
9,6814
9,6815
1,6816
5,6816
6,6816
9,6817
1,6818
5,6818
6,6818
1,6819
5,6821
1,6822
6,6822
22,6823
9,6824
23,6825
1,6827
5,6827
1,6828
1,6830
5,6831
1,6832
11,6833
1,6834
1,6835
3,6835
5,6835
6,6835
9,6835
14,6835
15,6835
11,6836
9,6837
1,6838
1,6839
1,6842
22,6842
1,6850
1,6851
3,6851
1,6854
3,6854
5,6854
6,6854
11,6854
14,6854
21,6854
22,6854
1,6855
5,6855
6,6855
9,6855
14,6855
15,6855
17,6855
1,6856
9,6857
1,6858
22,6859
5,6860
14,6860
1,6861
9,6861
1,6862
1,6863
5,6863
14,6863
15,6863
1,6864
1,6865
9,6866
5,6868
1,6869
11,6870
11,6871
22,6871
5,6872
1,6873
1,6874
5,6875
11,6875
14,6875
5,6876
11,6876
14,6876
9,6877
1,6878
5,6878
1,6879
5,6879
6,6879
11,6879
1,6890
1,6891
9,6892
9,6893
1,6894
9,6895
9,6896
9,6897
5,6900
5,6901
11,6901
1,6902
1,6903
9,6903
1,6904
9,6904
1,6905
1,6906
1,6907
9,6908
9,6909
1,6910
9,6911
1,6912
9,6913
23,6914
9,6915
1,6916
1,6917
1,6918
5,6919
11,6919
1,6920
9,6920
9,6925
9,6926
9,6931
9,6932
9,6933
1,6934
1,6935
1,6937
22,6937
9,6938
9,6939
1,6940
9,6941
9,6942
9,6950
1,6951
9,6952
1,6953
5,6953
11,6953
14,6953
22,6953
9,6954
9,6958
1,6960
9,6960
10,6960
1,6961
9,6961
10,6961
9,6968
1,6969
1,6970
3,6970
9,6970
21,6970
22,6971
1,6972
22,6972
1,6973
1,6974
5,6974
9,6975
1,6976
3,6976
1,6977
9,6977
1,6978
9,6978
1,6979
1,6980
22,6980
22,6981
5,6982
11,6983
9,6984
9,6985
9,6987
1,6988
1,6989
3,6989
1,6990
3,6990
4,6990
5,6990
6,6990
8,6990
10,6990
11,6990
14,6990
15,6990
16,6990
20,6990
24,6990
1,6991
1,6992
1,6993
1,6994
9,6994
9,6995
9,6996
9,6997
9,6998
9,6999
1,7000
9,7001
9,7002
1,7003
3,7003
5,7003
6,7003
11,7003
14,7003
15,7003
21,7003
24,7003
34,7003
1,7004
3,7004
9,7004
1,7005
9,7006
1,7009
22,7010
1,7011
9,7011
1,7012
9,7012
1,7013
9,7014
1,7024
1,7025
9,7026
1,7027
9,7028
1,7034
5,7034
6,7034
11,7034
24,7034
1,7035
9,7036
1,7039
22,7039
9,7040
9,7041
1,7043
1,7047
9,7048
9,7051
9,7052
22,7052
2,7054
9,7054
16,7054
9,7055
22,7055
9,7056
6,7060
1,7061
3,7061
6,7061
9,7061
1,7062
1,7063
1,7064
1,7072
9,7072
1,7079
3,7079
9,7080
9,7081
9,7083
9,7084
23,7084
9,7085
23,7085
9,7086
23,7086
9,7087
23,7087
9,7088
23,7088
9,7089
23,7089
9,7090
23,7090
9,7091
16,7091
9,7092
9,7093
9,7094
16,7094
6,7099
9,7099
15,7099
16,7099
20,7099
22,7099
6,7100
9,7100
15,7100
16,7100
20,7100
22,7100
6,7101
9,7101
15,7101
16,7101
20,7101
22,7101
6,7102
9,7102
15,7102
16,7102
20,7102
22,7102
1,7103
3,7103
5,7103
6,7103
11,7103
14,7103
24,7103
1,7104
3,7104
5,7104
6,7104
11,7104
14,7104
24,7104
5,7105
6,7105
11,7105
14,7105
24,7105
5,7106
6,7106
11,7106
14,7106
24,7106
2,7107
9,7107
16,7107
22,7107
23,7107
2,7108
9,7108
16,7108
22,7108
23,7108
9,7109
11,7110
1,7111
3,7111
5,7111
6,7111
14,7111
17,7111
24,7111
2,7112
9,7112
22,7112
1,7113
3,7113
15,7113
1,7114
3,7114
15,7114
1,7115
3,7115
15,7115
1,7118
3,7118
5,7118
11,7118
14,7118
24,7118
1,7119
3,7119
5,7119
11,7119
14,7119
24,7119
1,7120
3,7120
5,7120
11,7120
14,7120
24,7120
1,7121
3,7121
5,7121
11,7121
14,7121
24,7121
1,7122
3,7122
5,7122
11,7122
14,7122
24,7122
1,7123
9,7123
1,7124
9,7125
9,7126
22,7132
22,7133
22,7134
22,7135
9,7136
9,7137
22,7137
23,7137
9,7138
23,7138
9,7139
23,7139
9,7140
23,7140
9,7141
23,7141
9,7142
23,7142
9,7143
23,7143
21,7148
1,7149
3,7149
15,7149
1,7150
3,7150
15,7150
1,7151
3,7151
15,7151
1,7152
3,7152
15,7152
1,7153
3,7153
15,7153
1,7165
3,7165
15,7165
21,7165
9,7167
16,7167
9,7168
16,7168
9,7180
23,7180
9,7181
23,7181
9,7183
9,7184
9,7185
9,7186
9,7187
9,7188
9,7189
22,7206
9,7207
9,7208
9,7209
9,7215
9,7216
9,7217
9,7219
9,7220
9,7222
9,7230
9,7233
1,7234
6,7235
1,7236
3,7236
6,7237
6,7238
1,7240
9,7241
1,7242
3,7242
15,7242
9,7243
9,7244
9,7245
9,7246
9,7247
9,7249
9,7250
9,7251
1,7252
3,7252
22,7252
24,7252
9,7253
9,7254
9,7257
9,7258
16,7258
9,7259
16,7259
9,7260
23,7261
16,7262
9,7263
9,7264
1,7265
3,7265
5,7265
6,7265
14,7265
15,7265
2,7274
9,7274
9,7275
22,7275
23,7275
1,7281
1,7282
1,7283
6,7283
1,7284
6,7284
1,7288
5,7288
6,7288
14,7288
15,7288
1,7289
5,7289
6,7289
14,7289
15,7289
1,7290
5,7290
6,7290
14,7290
15,7290
1,7291
5,7291
6,7291
14,7291
15,7291
1,7292
5,7292
6,7292
14,7292
15,7292
1,7293
1,7294
1,7295
1,7296
1,7297
22,7299
22,7300
22,7301
22,7302
22,7304
22,7305
1,7306
5,7306
6,7306
14,7306
15,7306
1,7307
5,7307
6,7307
14,7307
15,7307
1,7308
5,7308
6,7308
14,7308
15,7308
9,7310
9,7312
9,7313
9,7329
9,7330
9,7331
9,7332
9,7333
9,7334
9,7335
9,7336
1,7337
9,7337
15,7337
1,7353
9,7353
9,7360
9,7361
9,7362
9,7363
9,7364
9,7365
9,7367
22,7367
9,7368
22,7368
9,7369
22,7369
9,7370
22,7370
9,7371
22,7371
9,7386
9,7387
1,7388
3,7388
9,7389
1,7392
3,7392
15,7392
1,7395
3,7395
5,7395
6,7395
14,7395
15,7395
17,7395
21,7395
22,7395
24,7395
9,7401
9,7402
9,7404
9,7405
9,7406
9,7407
9,7408
1,7409
22,7409
2,7429
9,7429
16,7429
22,7429
23,7429
2,7432
9,7432
16,7432
22,7432
23,7432
2,7433
9,7433
16,7433
22,7433
23,7433
1,7441
3,7441
9,7442
9,7446
9,7448
2,7463
9,7463
16,7463
2,7464
9,7464
16,7464
2,7465
9,7465
16,7465
2,7466
9,7466
16,7466
9,7467
9,7468
9,7469
9,7470
9,7471
9,7472
9,7473
9,7474
22,7474
23,7474
1,7477
3,7477
9,7477
21,7477
22,7477
23,7477
1,7478
3,7478
9,7478
21,7478
22,7478
23,7478
9,7480
22,7480
23,7480
9,7495
22,7495
9,7496
22,7496
9,7497
22,7497
9,7499
22,7499
1,7505
3,7505
5,7505
6,7505
14,7505
15,7505
21,7505
1,7506
3,7506
5,7506
6,7506
14,7506
15,7506
21,7506
1,7507
3,7507
5,7507
6,7507
14,7507
15,7507
21,7507
1,7508
3,7508
5,7508
6,7508
14,7508
15,7508
21,7508
9,7509
9,7517
1,7528
9,7529
9,7530
1,7531
3,7531
9,7531
15,7531
1,7533
3,7533
9,7533
15,7533
1,7534
3,7534
9,7534
15,7534
1,7535
3,7535
9,7535
15,7535
1,7536
3,7536
9,7536
15,7536
9,7543
9,7545
23,7545
9,7546
23,7546
1,7547
9,7547
9,7548
1,7549
9,7549
1,7550
1,7558
3,7558
5,7558
6,7558
11,7558
14,7558
22,7558
9,7564
9,7565
9,7566
9,7567
9,7568
9,7572
1,7574
3,7574
24,7574
9,7576
22,7576
9,7577
22,7577
23,7577
9,7578
22,7578
23,7578
9,7585
1,7586
1,7587
5,7587
6,7587
9,7587
14,7587
16,7587
22,7587
23,7587
25,7587
1,7588
5,7588
6,7588
9,7588
14,7588
16,7588
22,7588
23,7588
25,7588
1,7589
22,7589
23,7590
1,7591
3,7591
1,7592
3,7592
9,7593
22,7593
9,7594
22,7594
1,7600
9,7601
9,7602
9,7603
9,7604
9,7605
9,7606
9,7607
1,7610
3,7610
1,7611
3,7611
1,7612
3,7612
1,7615
2,7615
3,7615
6,7615
11,7615
15,7615
16,7615
21,7615
24,7615
1,7616
2,7616
3,7616
6,7616
11,7616
15,7616
16,7616
21,7616
24,7616
1,7619
5,7619
9,7619
11,7619
14,7619
22,7620
1,7623
15,7623
1,7624
9,7625
23,7626
23,7627
23,7628
9,7629
22,7629
23,7629
9,7630
22,7630
23,7630
9,7631
22,7631
23,7631
9,7632
22,7632
23,7632
9,7633
22,7633
23,7633
9,7634
22,7634
23,7634
9,7635
22,7635
23,7635
9,7636
22,7636
23,7636
1,7637
1,7638
1,7643
22,7643
1,7644
22,7644
1,7645
22,7645
1,7647
22,7647
1,7648
22,7648
1,7649
22,7649
1,7650
22,7650
1,7651
22,7651
5,7652
11,7652
14,7652
15,7652
24,7652
23,7653
1,7654
5,7654
11,7654
14,7654
1,7655
5,7655
11,7655
14,7655
1,7656
5,7656
11,7656
14,7656
1,7657
5,7657
11,7657
14,7657
1,7658
5,7658
11,7658
14,7658
1,7659
5,7659
1,7660
5,7660
1,7661
9,7662
9,7663
1,7664
1,7665
1,7666
1,7667
23,7668
1,7670
3,7670
9,7670
15,7670
21,7670
22,7670
23,7670
9,7671
9,7681
9,7682
22,7682
1,7683
5,7683
6,7683
11,7683
1,7684
5,7684
6,7684
11,7684
2,7685
9,7685
22,7685
9,7686
9,7687
9,7688
9,7689
1,7691
9,7691
15,7691
22,7691
9,7692
9,7694
9,7695
1,7696
3,7696
5,7696
21,7696
1,7697
3,7697
5,7697
21,7697
9,7698
9,7699
1,7700
3,7700
9,7700
15,7700
1,7701
3,7701
9,7701
15,7701
1,7702
3,7702
9,7702
15,7702
1,7703
3,7703
9,7703
15,7703
1,7704
3,7704
9,7704
15,7704
1,7705
3,7705
9,7705
15,7705
9,7706
9,7708
9,7709
22,7709
9,7710
22,7710
9,7711
22,7711
9,7713
23,7713
9,7714
23,7714
9,7715
9,7716
9,7717
9,7719
9,7720
22,7720
23,7720
9,7721
22,7721
23,7721
9,7734
9,7735
9,7736
9,7737
1,7738
9,7738
15,7738
1,7739
9,7739
15,7739
1,7740
9,7740
15,7740
1,7742
9,7742
15,7742
1,7744
9,7744
15,7744
1,7745
9,7745
15,7745
1,7746
9,7746
15,7746
1,7747
9,7747
15,7747
1,7748
9,7748
15,7748
1,7749
9,7749
15,7749
2,7769
9,7769
16,7769
22,7769
23,7769
9,7770
16,7770
9,7771
23,7771
9,7772
9,7773
23,7774
23,7776
23,7778
9,7781
9,7782
1,7784
1,7785
23,7786
23,7787
1,7792
6,7792
9,7792
15,7792
22,7792
23,7792
5,7793
6,7793
11,7793
14,7793
1,7794
5,7794
6,7795
1,7796
9,7796
1,7797
9,7797
9,7799
22,7799
23,7799
1,7801
9,7802
9,7803
9,7804
1,7805
3,7805
9,7806
6,7807
1,7808
3,7808
21,7808
9,7809
23,7810
1,7811
3,7811
22,7811
1,7812
3,7812
9,7812
22,7812
23,7812
22,7813
9,7814
9,7820
9,7821
9,7822
9,7823
9,7824
9,7834
9,7835
9,7836
9,7837
9,7838
9,7839
9,7840
9,7841
9,7842
9,7843
9,7844
9,7845
9,7846
9,7847
9,7848
9,7849
9,7850
9,7851
9,7852
9,7853
9,7854
9,7855
9,7856
9,7858
9,7859
9,7860
9,7861
9,7862
9,7863
9,7864
9,7865
9,7866
9,7867
9,7868
9,7869
9,7870
9,7871
9,7872
9,7873
9,7874
9,7877
23,7877
9,7878
9,7880
9,7881
9,7882
9,7883
9,7885
9,7886
9,7887
9,7888
9,7896
9,7897
9,7898
9,7899
9,7900
9,7901
9,7902
9,7903
9,7904
9,7905
9,7906
9,7908
9,7909
9,7910
9,7911
9,7912
9,7913
9,7914
9,7915
9,7916
9,7917
9,7934
9,7935
9,7936
9,7952
9,7953
9,7954
9,7955
9,7956
9,7957
9,7958
9,7959
9,7960
9,7961
9,7962
9,7963
9,7964
9,7966
9,7967
9,7968
9,7969
9,7970
9,7971
9,7972
9,7973
9,7974
9,7975
9,7976
9,7977
9,7978
9,7979
9,7980
9,7981
9,7982
9,7983
9,7984
9,7985
9,7986
9,7987
9,7988
9,7989
9,7990
9,7991
9,7992
9,7993
2,7994
9,7994
16,7994
9,7995
9,7996
9,7997
9,7998
9,7999
9,8000
9,8001
9,8002
9,8003
9,8004
9,8005
9,8006
9,8007
9,8008
9,8009
9,8010
9,8011
9,8012
9,8013
9,8014
9,8015
9,8016
9,8017
9,8018
1,8019
9,8020
9,8021
9,8022
9,8023
9,8024
9,8025
9,8026
9,8027
9,8028
1,8029
3,8029
1,8030
3,8030
1,8031
3,8031
1,8032
3,8032
1,8033
3,8033
1,8034
3,8034
1,8035
3,8035
1,8036
3,8036
1,8037
3,8037
1,8038
3,8038
21,8039
1,8040
9,8040
1,8041
9,8041
1,8042
9,8042
1,8043
9,8043
1,8044
9,8044
1,8045
9,8045
1,8046
9,8046
1,8047
9,8047
1,8048
1,8049
1,8050
1,8051
3,8051
1,8052
3,8052
6,8052
15,8052
21,8052
9,8053
22,8053
23,8053
1,8054
9,8054
9,8055
22,8055
23,8055
9,8056
22,8056
23,8056
9,8057
22,8057
23,8057
9,8058
22,8058
23,8058
9,8059
22,8059
23,8059
9,8060
22,8060
23,8060
9,8061
22,8061
23,8061
9,8062
22,8062
23,8062
9,8063
9,8064
9,8065
9,8066
9,8067
9,8068
9,8069
9,8070
9,8071
1,8073
3,8073
1,8074
3,8074
1,8075
3,8075
1,8076
3,8076
1,8077
3,8077
1,8078
3,8078
1,8079
3,8079
1,8080
3,8080
1,8081
3,8081
1,8082
3,8082
1,8083
3,8083
1,8084
3,8084
9,8085
9,8086
9,8087
9,8088
1,8089
1,8090
1,8091
1,8092
1,8093
1,8094
1,8095
9,8095
23,8095
9,8096
9,8097
9,8099
9,8101
1,8102
3,8102
9,8103
1,8104
3,8104
1,8105
3,8105
3,8106
5,8107
14,8107
15,8107
17,8107
22,8108
1,8109
23,8111
9,8112
22,8112
1,8113
5,8113
6,8113
10,8113
1,8114
6,8114
9,8114
9,8115
1,8116
3,8116
5,8116
9,8116
11,8116
21,8116
21,8117
9,8118
9,8119
1,8120
9,8120
9,8121
9,8122
2,8123
9,8123
16,8123
2,8124
9,8124
16,8124
2,8125
9,8125
16,8125
1,8126
3,8126
6,8126
21,8126
1,8127
9,8127
9,8128
1,8129
9,8129
21,8129
1,8130
3,8130
9,8130
21,8130
34,8130
1,8131
3,8131
21,8131
9,8132
22,8132
1,8133
3,8133
9,8133
21,8133
1,8134
3,8134
9,8134
21,8134
1,8135
3,8135
9,8135
21,8135
22,8135
21,8136
1,8137
3,8137
5,8137
6,8137
11,8137
11,8138
1,8139
5,8139
6,8139
1,8140
3,8140
5,8140
11,8140
15,8140
9,8141
1,8142
2,8142
3,8142
5,8142
11,8142
14,8142
16,8142
24,8142
9,8143
22,8143
1,8144
3,8144
5,8144
6,8144
9,8144
9,8145
1,8146
9,8146
1,8147
9,8147
1,8148
9,8148
9,8149
1,8150
9,8151
9,8152
1,8153
3,8153
1,8154
3,8154
1,8155
3,8155
1,8156
3,8156
1,8157
3,8157
1,8158
3,8158
1,8159
3,8159
1,8160
3,8160
1,8161
3,8161
1,8162
3,8162
1,8163
3,8163
9,8164
22,8164
9,8165
22,8165
9,8166
22,8166
9,8171
1,8172
1,8173
9,8174
22,8174
9,8175
22,8175
9,8176
22,8176
9,8177
22,8177
9,8178
22,8178
9,8179
22,8179
9,8180
22,8180
1,8181
22,8181
21,8182
21,8183
21,8184
9,8185
22,8185
23,8186
9,8187
22,8187
23,8188
9,8189
22,8189
9,8190
22,8190
9,8191
22,8191
9,8192
22,8192
23,8193
9,8194
22,8194
9,8195
22,8195
9,8196
22,8196
23,8197
9,8198
22,8198
23,8199
9,8200
22,8200
1,8201
1,8202
9,8203
1,8204
3,8204
1,8205
3,8205
1,8206
3,8206
1,8207
3,8207
1,8208
3,8208
1,8209
3,8209
1,8210
1,8211
5,8211
22,8212
1,8213
5,8213
11,8214
1,8215
3,8215
1,8216
3,8216
1,8217
3,8217
1,8218
3,8218
1,8219
3,8219
1,8220
3,8220
1,8221
3,8221
23,8222
22,8223
1,8224
5,8224
6,8224
14,8224
1,8225
4,8225
5,8225
6,8225
8,8225
10,8225
14,8225
22,8226
1,8227
4,8227
5,8227
6,8227
8,8227
10,8227
14,8227
1,8228
4,8228
5,8228
6,8228
8,8228
10,8228
14,8228
1,8229
5,8229
6,8229
14,8229
9,8230
23,8231
1,8232
3,8232
5,8232
6,8232
24,8232
1,8233
5,8233
6,8233
11,8233
14,8233
1,8234
5,8234
6,8234
5,8235
6,8235
11,8235
1,8236
3,8236
1,8237
3,8237
1,8238
3,8238
1,8239
3,8239
1,8240
3,8240
1,8241
3,8241
1,8242
3,8242
1,8243
3,8243
1,8244
3,8244
1,8245
3,8245
1,8246
3,8246
1,8247
3,8247
1,8248
3,8248
1,8249
3,8249
1,8250
3,8250
1,8251
3,8251
1,8252
3,8252
1,8253
3,8253
1,8254
3,8254
1,8255
3,8255
1,8256
3,8256
1,8257
3,8257
1,8258
3,8258
1,8259
3,8259
1,8260
3,8260
1,8261
3,8261
1,8262
3,8262
1,8263
3,8263
1,8264
3,8264
1,8265
3,8265
1,8266
3,8266
1,8267
3,8267
1,8268
3,8268
1,8269
3,8269
1,8270
3,8270
1,8271
3,8271
1,8272
3,8272
1,8273
3,8273
1,8274
3,8274
1,8275
3,8275
1,8276
3,8276
1,8277
3,8277
1,8278
3,8278
1,8279
3,8279
1,8280
3,8280
1,8281
3,8281
1,8282
3,8282
1,8283
3,8283
1,8284
3,8284
1,8285
3,8285
1,8293
3,8293
5,8293
6,8293
9,8293
11,8293
14,8293
15,8293
24,8293
1,8294
3,8294
1,8295
3,8295
1,8296
3,8296
1,8297
3,8297
1,8298
3,8298
1,8299
3,8299
1,8300
3,8300
1,8301
3,8301
1,8302
3,8302
1,8303
3,8303
1,8305
16,8305
1,8306
16,8306
1,8307
16,8307
1,8308
16,8308
1,8309
16,8309
1,8310
16,8310
1,8311
16,8311
1,8312
16,8312
1,8313
16,8313
1,8314
16,8314
1,8315
16,8315
1,8316
16,8316
1,8318
3,8318
1,8319
3,8319
1,8320
3,8320
1,8321
3,8321
1,8322
3,8322
1,8323
3,8323
1,8324
3,8324
1,8325
1,8326
1,8327
1,8328
1,8329
3,8330
21,8331
1,8332
3,8332
1,8333
3,8333
1,8334
3,8334
1,8335
3,8335
9,8336
9,8337
9,8338
9,8339
9,8340
9,8341
9,8342
9,8343
9,8344
9,8345
2,8346
9,8346
22,8346
2,8347
9,8347
22,8347
2,8348
9,8348
22,8348
2,8349
9,8349
22,8349
9,8350
9,8351
9,8352
9,8353
9,8354
9,8355
1,8356
1,8357
1,8358
1,8359
1,8360
1,8361
1,8362
9,8363
9,8364
9,8365
9,8366
9,8367
9,8368
9,8370
1,8371
3,8371
1,8372
3,8372
1,8373
3,8373
1,8374
3,8374
1,8375
3,8375
1,8376
3,8376
1,8377
3,8377
1,8378
3,8378
1,8379
3,8379
1,8380
3,8380
1,8381
3,8381
15,8381
1,8382
3,8382
1,8383
3,8383
1,8384
3,8384
1,8385
3,8385
1,8386
3,8386
1,8387
1,8388
1,8389
1,8390
1,8391
1,8392
1,8393
9,8394
9,8395
9,8396
9,8397
9,8398
9,8399
9,8400
9,8401
9,8402
9,8403
16,8404
9,8405
9,8406
9,8407
9,8408
9,8409
9,8410
9,8411
9,8412
9,8413
9,8414
9,8415
9,8416
9,8417
9,8418
1,8419
3,8419
1,8420
3,8420
1,8421
3,8421
1,8422
3,8422
1,8423
3,8423
1,8424
3,8424
9,8425
9,8426
9,8427
22,8428
22,8429
22,8430
22,8431
22,8432
1,8433
3,8433
9,8434
9,8435
9,8436
9,8437
9,8438
9,8439
9,8440
9,8441
9,8442
9,8443
9,8444
1,8445
3,8445
1,8446
3,8446
1,8447
3,8447
9,8448
9,8449
9,8450
9,8451
9,8452
9,8453
9,8454
9,8455
9,8456
9,8457
9,8458
1,8459
3,8459
9,8459
1,8460
3,8460
9,8460
1,8461
3,8461
9,8461
1,8462
9,8462
1,8463
9,8463
1,8464
9,8464
1,8465
9,8465
9,8466
9,8467
1,8468
3,8468
1,8469
3,8469
1,8470
3,8470
1,8471
3,8471
1,8472
3,8472
9,8479
9,8480
9,8481
1,8482
3,8482
1,8483
3,8483
1,8484
3,8484
1,8485
3,8485
1,8486
3,8486
1,8487
3,8487
1,8488
9,8488
1,8489
9,8489
9,8490
22,8490
23,8490
9,8491
22,8491
23,8491
9,8492
22,8492
23,8492
9,8493
22,8493
23,8493
9,8494
22,8494
23,8494
9,8495
22,8495
23,8495
9,8496
23,8496
1,8497
1,8498
1,8499
1,8500
9,8501
23,8501
23,8502
22,8503
16,8504
1,8506
1,8507
1,8508
1,8509
1,8510
9,8510
1,8511
9,8511
1,8512
9,8512
1,8513
9,8513
1,8514
9,8514
9,8515
9,8516
9,8517
9,8518
9,8519
1,8520
3,8520
1,8521
3,8521
1,8522
3,8522
1,8523
3,8523
1,8524
3,8524
9,8525
9,8526
9,8527
9,8528
9,8529
9,8530
9,8531
9,8532
9,8533
9,8534
9,8535
9,8536
9,8537
9,8538
9,8539
9,8540
9,8541
9,8542
9,8543
9,8544
9,8545
9,8546
9,8547
9,8548
9,8549
9,8550
9,8551
9,8552
9,8553
9,8554
9,8555
1,8556
3,8556
21,8556
1,8557
3,8557
21,8557
9,8558
9,8559
9,8560
9,8561
9,8562
9,8563
9,8564
9,8565
9,8566
1,8567
5,8567
6,8567
22,8567
23,8567
1,8568
5,8568
6,8568
22,8568
23,8568
23,8569
23,8570
23,8571
1,8572
1,8573
1,8574
1,8575
1,8576
1,8577
9,8577
1,8578
5,8578
6,8578
24,8578
9,8579
23,8579
1,8580
9,8581
9,8582
9,8583
9,8584
9,8585
9,8586
9,8587
22,8587
23,8587
9,8588
22,8588
23,8588
9,8589
22,8589
23,8589
9,8590
22,8590
23,8590
9,8591
22,8591
23,8591
9,8593
9,8594
9,8595
1,8596
1,8597
3,8597
9,8598
9,8599
9,8600
9,8601
9,8602
9,8603
9,8604
9,8605
9,8606
9,8607
9,8608
9,8609
9,8610
9,8611
9,8612
9,8613
9,8614
9,8615
9,8616
9,8617
9,8618
9,8619
9,8620
9,8621
9,8622
9,8623
9,8624
1,8625
3,8625
1,8626
3,8626
1,8627
3,8627
9,8628
9,8629
9,8630
9,8631
9,8632
9,8633
9,8634
9,8635
9,8636
9,8637
9,8638
9,8639
9,8640
9,8641
9,8642
9,8643
9,8644
9,8645
22,8646
9,8647
9,8648
9,8649
9,8650
9,8651
9,8652
9,8654
22,8654
23,8654
9,8655
22,8655
23,8655
9,8656
22,8656
23,8656
9,8657
22,8657
23,8657
9,8658
22,8658
23,8658
9,8659
22,8659
23,8659
9,8660
22,8660
23,8660
1,8661
3,8661
21,8661
1,8662
3,8662
21,8662
1,8663
3,8663
21,8663
1,8664
3,8664
21,8664
1,8665
3,8665
1,8666
3,8666
1,8667
3,8667
9,8668
9,8669
9,8670
9,8671
1,8672
1,8673
9,8674
9,8675
23,8676
1,8677
1,8678
9,8679
9,8680
9,8681
1,8682
9,8683
9,8684
1,8685
3,8685
1,8686
3,8686
1,8687
3,8687
1,8688
3,8688
1,8689
3,8689
1,8690
3,8690
1,8691
3,8691
1,8692
3,8692
9,8693
9,8694
9,8695
9,8696
9,8697
9,8698
9,8699
9,8700
1,8701
3,8701
1,8702
3,8702
1,8703
3,8703
1,8704
3,8704
1,8705
3,8705
1,8706
3,8706
1,8707
3,8707
1,8708
3,8708
1,8709
3,8709
1,8710
3,8710
9,8711
9,8712
9,8713
9,8714
9,8715
9,8716
1,8718
3,8718
1,8719
3,8719
1,8720
3,8720
1,8721
3,8721
1,8722
3,8722
1,8723
1,8724
1,8725
9,8726
9,8727
9,8728
9,8729
22,8729
23,8729
9,8730
22,8730
23,8730
9,8731
22,8731
23,8731
9,8732
22,8732
23,8732
9,8733
23,8733
22,8734
23,8734
9,8735
9,8736
9,8737
9,8738
9,8739
9,8740
9,8741
9,8742
1,8743
1,8744
1,8745
1,8746
1,8747
1,8748
1,8749
9,8750
9,8751
9,8752
9,8753
1,8754
3,8754
1,8755
3,8755
1,8756
3,8756
1,8757
3,8757
1,8758
3,8758
1,8759
3,8759
1,8760
3,8760
1,8761
3,8761
1,8762
3,8762
1,8763
3,8763
9,8765
9,8766
9,8767
9,8768
9,8769
1,8770
1,8771
1,8772
1,8773
3,8773
1,8774
9,8775
9,8776
9,8777
9,8778
9,8779
9,8780
9,8781
1,8782
1,8783
1,8784
1,8785
1,8786
9,8787
9,8788
9,8789
9,8790
9,8791
9,8793
9,8794
9,8795
9,8796
9,8797
9,8798
9,8799
9,8800
9,8801
9,8802
9,8803
9,8804
9,8805
9,8806
9,8807
9,8808
9,8809
9,8810
9,8811
9,8812
9,8813
1,8814
9,8814
9,8815
9,8816
9,8817
9,8818
9,8819
9,8820
9,8821
9,8822
9,8823
9,8824
9,8825
1,8826
1,8827
1,8828
1,8829
1,8832
1,8833
1,8834
1,8835
9,8836
9,8837
9,8838
1,8839
9,8839
1,8840
9,8840
1,8841
9,8842
1,8843
1,8844
1,8845
1,8846
9,8847
9,8848
1,8849
9,8850
9,8851
9,8852
9,8853
9,8854
9,8855
9,8856
9,8857
9,8858
23,8859
9,8860
9,8861
9,8862
9,8863
9,8864
9,8865
9,8866
9,8867
1,8868
3,8868
1,8869
3,8869
1,8870
3,8870
1,8871
3,8871
1,8872
3,8872
1,8873
3,8873
1,8874
3,8874
1,8875
3,8875
9,8876
9,8877
9,8878
9,8879
9,8880
9,8881
9,8882
9,8883
9,8884
9,8885
9,8886
9,8887
9,8888
9,8889
9,8890
9,8891
1,8892
1,8893
1,8894
3,8894
1,8895
9,8895
1,8896
9,8897
9,8898
9,8899
9,8900
9,8901
1,8902
1,8903
9,8903
1,8904
9,8904
1,8905
9,8905
9,8906
9,8907
9,8908
22,8909
23,8910
9,8911
9,8912
23,8912
1,8913
22,8913
1,8914
22,8914
23,8914
1,8915
1,8916
3,8916
5,8916
6,8916
14,8916
15,8916
21,8916
21,8917
9,8918
9,8919
22,8919
23,8919
1,8920
22,8920
1,8921
22,8921
23,8922
1,8923
15,8923
1,8925
1,8926
1,8927
1,8928
1,8929
1,8930
9,8931
9,8932
9,8933
9,8934
9,8935
9,8936
1,8937
3,8937
1,8938
3,8938
22,8938
1,8939
3,8939
22,8939
1,8940
3,8940
22,8940
1,8941
1,8942
1,8943
1,8944
1,8945
3,8945
9,8945
23,8945
1,8946
3,8946
9,8946
23,8946
1,8947
3,8947
9,8947
23,8947
1,8948
3,8948
9,8948
23,8948
1,8949
3,8949
9,8949
23,8949
1,8950
3,8950
9,8950
23,8950
9,8951
23,8951
1,8952
1,8953
1,8954
1,8955
1,8956
1,8957
1,8958
1,8959
1,8960
1,8961
1,8962
1,8963
1,8964
1,8965
9,8966
9,8967
9,8968
9,8969
9,8970
9,8971
9,8972
9,8973
9,8974
9,8975
9,8976
9,8977
9,8978
1,8979
1,8980
9,8981
9,8982
22,8982
23,8982
9,8983
22,8983
23,8983
9,8984
22,8984
23,8984
22,8985
23,8985
22,8986
9,8987
1,8988
1,8989
9,8990
1,8991
22,8992
1,8993
1,8994
9,8995
1,8996
1,8997
9,8998
9,8999
9,9000
9,9001
9,9003
1,9004
9,9006
9,9007
1,9008
1,9009
1,9010
1,9012
1,9014
1,9015
9,9016
9,9017
9,9019
9,9020
1,9021
9,9021
1,9022
9,9022
9,9023
22,9024
22,9025
1,9026
1,9027
1,9028
5,9029
6,9029
11,9029
22,9029
1,9030
5,9031
6,9031
11,9031
22,9031
9,9032
1,9033
22,9033
1,9034
22,9035
9,9036
9,9037
9,9038
1,9039
1,9040
9,9040
1,9041
1,9042
1,9043
1,9044
9,9045
9,9046
9,9047
9,9048
9,9049
9,9050
9,9051
1,9052
1,9053
1,9054
1,9055
1,9057
1,9058
1,9059
1,9060
1,9061
14,9063
14,9064
14,9065
9,9066
1,9067
1,9068
1,9069
1,9070
1,9071
1,9072
1,9073
1,9074
1,9075
1,9076
9,9076
1,9077
1,9078
1,9079
1,9080
1,9081
1,9082
1,9083
1,9084
1,9085
9,9086
9,9087
9,9088
9,9089
9,9090
9,9091
9,9092
9,9093
1,9094
1,9095
1,9096
1,9097
1,9098
9,9099
9,9100
9,9101
9,9102
9,9103
9,9104
9,9105
9,9106
9,9107
9,9108
9,9109
9,9110
9,9111
9,9112
9,9113
9,9114
9,9115
9,9116
9,9117
9,9118
9,9119
9,9120
9,9121
1,9122
1,9123
1,9124
1,9125
1,9126
1,9127
9,9130
9,9131
9,9132
9,9133
9,9134
9,9135
9,9136
9,9137
9,9138
9,9139
9,9140
9,9141
9,9142
9,9143
9,9144
1,9145
9,9145
9,9146
22,9146
9,9147
1,9148
1,9149
3,9149
9,9149
1,9150
3,9150
9,9150
15,9150
1,9151
3,9151
5,9151
9,9151
11,9151
21,9151
9,9152
1,9153
3,9153
5,9153
11,9153
21,9153
1,9154
3,9154
5,9154
9,9154
11,9154
21,9154
1,9155
3,9155
5,9155
9,9155
11,9155
21,9155
1,9156
3,9156
5,9156
9,9156
11,9156
21,9156
1,9157
3,9157
5,9157
9,9157
11,9157
21,9157
9,9158
9,9159
9,9160
9,9161
9,9162
9,9163
22,9163
2,9164
9,9164
22,9164
23,9164
1,9165
9,9165
1,9166
9,9167
9,9168
9,9169
9,9170
9,9171
9,9172
9,9173
9,9174
1,9175
1,9176
1,9177
1,9178
1,9179
1,9180
9,9180
1,9181
9,9181
1,9182
9,9182
1,9183
9,9183
9,9184
1,9185
9,9185
9,9186
1,9187
9,9187
1,9188
9,9188
1,9189
9,9189
1,9190
9,9190
1,9191
9,9191
1,9192
9,9192
1,9193
9,9193
9,9194
22,9194
1,9195
3,9195
1,9196
3,9196
1,9197
3,9197
1,9198
3,9198
1,9199
3,9199
1,9200
3,9200
9,9201
9,9202
9,9203
9,9204
9,9205
9,9206
9,9207
9,9208
9,9209
9,9210
9,9211
9,9212
9,9213
9,9214
9,9215
9,9216
9,9217
9,9218
9,9219
9,9220
9,9221
9,9222
9,9223
9,9224
9,9225
9,9226
9,9227
9,9228
9,9229
9,9230
9,9231
9,9232
9,9233
9,9234
1,9235
1,9236
1,9237
1,9238
1,9239
1,9240
1,9241
1,9242
1,9243
1,9244
1,9245
1,9246
3,9247
3,9248
21,9249
21,9250
1,9251
3,9251
1,9252
3,9252
1,9253
3,9253
1,9254
3,9254
1,9255
3,9255
1,9256
3,9256
1,9257
3,9257
1,9258
3,9258
1,9259
3,9259
1,9260
3,9260
9,9261
22,9261
9,9262
22,9262
9,9263
22,9263
9,9264
22,9264
9,9265
22,9265
9,9266
22,9266
9,9267
22,9267
1,9268
1,9269
1,9270
1,9271
1,9272
1,9273
1,9274
1,9275
1,9276
1,9277
1,9278
1,9279
9,9280
9,9281
9,9282
9,9283
9,9284
9,9285
9,9286
9,9287
1,9288
1,9289
3,9289
1,9290
3,9290
1,9291
3,9291
1,9292
3,9292
1,9293
3,9293
1,9294
3,9294
1,9295
3,9295
1,9296
3,9296
1,9297
3,9297
1,9298
3,9298
1,9299
3,9299
1,9300
3,9300
1,9301
1,9302
1,9303
1,9304
1,9305
1,9306
1,9307
1,9308
3,9308
1,9309
3,9309
1,9310
3,9310
1,9311
3,9311
1,9312
3,9312
1,9313
3,9313
1,9314
3,9314
1,9315
3,9315
1,9316
3,9316
1,9317
3,9317
1,9318
3,9318
1,9319
3,9319
1,9320
3,9320
1,9321
3,9321
1,9322
3,9322
1,9323
3,9323
1,9324
3,9324
1,9325
3,9325
1,9326
3,9326
1,9327
3,9327
1,9328
3,9328
1,9329
3,9329
1,9330
3,9330
1,9331
3,9331
1,9332
3,9332
1,9333
3,9333
1,9334
3,9334
1,9335
3,9335
1,9336
3,9336
9,9337
9,9338
9,9339
9,9340
9,9341
9,9342
9,9343
9,9344
1,9345
3,9345
1,9346
3,9346
1,9347
3,9347
1,9348
3,9348
1,9349
3,9349
1,9350
3,9350
1,9351
3,9351
1,9352
3,9352
1,9353
21,9354
21,9355
22,9356
22,9357
1,9358
3,9358
1,9359
3,9359
1,9360
3,9360
9,9361
9,9362
9,9363
9,9364
1,9365
3,9365
1,9366
3,9366
1,9367
3,9367
1,9368
3,9368
1,9369
3,9369
1,9370
3,9370
1,9371
3,9371
1,9372
1,9373
1,9374
3,9374
1,9375
3,9375
1,9376
3,9376
22,9377
22,9378
1,9379
3,9379
5,9379
15,9379
21,9379
9,9380
1,9381
1,9382
1,9383
1,9384
1,9385
1,9386
1,9387
1,9388
1,9389
1,9390
1,9391
1,9392
1,9393
1,9394
1,9395
1,9396
1,9397
9,9398
9,9399
9,9400
9,9401
9,9402
9,9403
9,9404
9,9405
9,9406
9,9407
9,9408
9,9409
9,9410
9,9411
9,9412
9,9413
9,9414
1,9415
1,9416
1,9417
1,9418
1,9419
1,9420
1,9421
1,9422
5,9424
11,9424
17,9424
5,9425
11,9425
5,9426
11,9426
5,9427
11,9427
5,9428
11,9428
5,9429
11,9429
5,9430
11,9430
5,9431
11,9431
1,9432
1,9433
1,9434
1,9435
1,9436
1,9437
1,9438
1,9439
1,9440
9,9441
9,9442
9,9443
9,9444
9,9445
9,9446
9,9447
1,9448
1,9449
1,9450
1,9451
1,9452
1,9453
1,9454
9,9455
9,9456
9,9457
9,9458
9,9459
9,9460
9,9461
1,9462
1,9463
1,9464
1,9465
9,9466
9,9467
9,9468
9,9469
9,9470
9,9471
9,9472
9,9473
9,9474
9,9475
9,9476
9,9477
9,9478
9,9479
1,9480
1,9481
1,9482
1,9483
9,9484
9,9485
9,9486
9,9487
9,9488
9,9489
9,9490
9,9491
9,9492
9,9493
3,9494
1,9495
9,9495
1,9496
5,9496
9,9496
9,9497
1,9498
5,9498
9,9498
1,9499
6,9500
22,9500
23,9500
1,9501
6,9502
1,9503
21,9503
1,9504
3,9504
1,9505
3,9505
6,9505
1,9506
3,9506
5,9506
6,9506
11,9506
14,9506
15,9506
21,9506
24,9506
5,9507
11,9507
14,9507
17,9507
5,9508
11,9508
14,9508
17,9508
11,9509
5,9510
14,9510
24,9510
1,9511
6,9511
11,9511
15,9511
11,9512
14,9513
9,9514
5,9515
6,9515
14,9515
15,9515
22,9516
1,9517
6,9518
1,9519
6,9520
6,9521
1,9522
1,9523
9,9523
9,9524
1,9525
6,9526
14,9526
15,9526
1,9527
3,9527
22,9527
9,9528
1,9529
2,9529
3,9529
5,9529
6,9529
9,9529
11,9529
14,9529
15,9529
16,9529
22,9529
23,9529
24,9529
25,9529
9,9530
1,9531
1,9532
1,9533
1,9534
1,9535
1,9536
1,9537
1,9538
1,9539
1,9540
1,9541
1,9542
1,9543
1,9544
1,9545
1,9546
1,9547
1,9548
1,9549
9,9550
9,9552
9,9553
9,9554
9,9555
9,9556
9,9557
9,9558
9,9559
9,9560
9,9561
9,9562
9,9563
9,9564
9,9565
9,9566
9,9571
1,9572
9,9572
1,9573
9,9574
1,9575
3,9575
5,9575
6,9575
9,9575
11,9575
21,9575
24,9575
9,9587
9,9588
9,9589
9,9590
23,9591
9,9592
23,9593
1,9594
9,9594
15,9594
5,9595
11,9595
5,9596
11,9596
1,9597
9,9597
21,9597
9,9599
1,9600
9,9601
1,9602
9,9602
1,9603
9,9603
1,9604
3,9604
1,9605
3,9605
1,9606
3,9606
1,9607
3,9607
1,9608
3,9608
1,9609
3,9609
1,9610
3,9610
1,9611
3,9611
1,9612
3,9612
1,9613
3,9613
1,9614
3,9614
1,9615
2,9615
1,9616
3,9616
1,9617
3,9617
1,9618
3,9618
1,9619
3,9619
1,9620
3,9620
9,9621
9,9622
9,9623
9,9624
9,9625
9,9626
9,9627
9,9628
9,9629
9,9630
9,9631
9,9632
1,9633
9,9633
9,9634
9,9635
9,9636
9,9637
9,9638
9,9639
9,9640
9,9641
9,9642
9,9643
9,9644
9,9645
9,9646
9,9647
9,9648
9,9649
9,9650
9,9651
1,9652
3,9652
1,9653
3,9653
1,9654
3,9654
1,9655
3,9655
1,9656
3,9656
1,9657
3,9657
1,9658
3,9658
1,9659
3,9659
22,9659
1,9660
3,9660
22,9660
1,9661
3,9661
1,9662
3,9662
1,9663
3,9663
1,9664
3,9664
1,9665
3,9665
9,9666
9,9667
9,9668
9,9669
9,9670
9,9671
9,9672
9,9673
9,9674
9,9675
9,9676
9,9677
9,9678
9,9679
9,9680
23,9681
1,9682
3,9682
1,9683
3,9683
1,9684
3,9684
1,9685
3,9685
1,9686
3,9686
1,9687
3,9687
1,9688
3,9688
1,9689
3,9689
1,9690
3,9690
1,9691
9,9691
1,9692
9,9692
9,9693
22,9693
9,9694
9,9695
9,9696
9,9697
9,9698
9,9699
9,9700
22,9700
9,9701
1,9702
3,9702
21,9702
1,9703
3,9703
21,9703
1,9704
3,9704
21,9704
1,9705
3,9705
1,9706
3,9706
21,9706
1,9707
3,9707
21,9707
1,9708
3,9708
21,9708
1,9709
3,9709
21,9709
1,9710
3,9710
1,9711
3,9711
1,9712
3,9712
1,9713
3,9713
1,9714
3,9714
1,9715
3,9715
1,9716
3,9716
1,9717
3,9717
1,9718
3,9718
1,9719
3,9719
1,9720
22,9721
22,9722
22,9723
22,9724
22,9725
22,9726
22,9727
22,9728
22,9729
22,9730
22,9731
22,9732
22,9733
22,9734
1,9735
3,9735
1,9736
3,9736
1,9737
3,9737
1,9738
3,9738
1,9739
3,9739
1,9740
3,9740
1,9741
3,9741
1,9742
3,9742
1,9743
3,9743
1,9744
3,9744
1,9745
3,9745
1,9746
3,9746
1,9747
3,9747
1,9748
3,9748
1,9749
3,9749
9,9750
9,9751
9,9752
9,9753
9,9754
9,9755
9,9756
9,9757
9,9758
9,9759
9,9760
22,9760
9,9761
22,9761
9,9762
22,9762
9,9763
22,9763
9,9764
9,9765
9,9766
9,9767
9,9768
9,9769
9,9770
23,9771
9,9772
23,9773
9,9774
23,9775
9,9776
9,9777
9,9778
9,9779
9,9780
9,9781
9,9782
9,9783
9,9784
9,9785
9,9786
9,9787
9,9788
9,9789
9,9790
9,9791
9,9792
9,9793
9,9794
9,9795
9,9796
9,9797
9,9798
9,9799
9,9800
9,9801
9,9802
9,9803
9,9804
9,9805
9,9806
9,9807
9,9808
9,9809
9,9810
9,9811
9,9812
9,9813
9,9814
9,9815
9,9816
9,9817
9,9818
9,9819
9,9820
9,9821
9,9822
9,9823
9,9824
9,9825
1,9826
22,9826
9,9827
9,9828
9,9829
9,9830
9,9831
9,9832
9,9833
9,9834
9,9835
9,9836
9,9837
9,9838
1,9839
9,9839
1,9840
9,9840
1,9841
9,9841
1,9842
9,9842
1,9843
1,9844
9,9844
1,9845
9,9845
1,9846
1,9847
9,9847
1,9848
9,9848
9,9849
1,9850
9,9850
1,9851
9,9851
1,9852
9,9852
1,9853
9,9853
1,9854
9,9854
1,9855
9,9855
1,9856
9,9856
1,9857
9,9857
1,9858
9,9858
1,9859
9,9859
9,9860
9,9861
9,9862
9,9863
9,9864
9,9865
9,9866
9,9867
9,9868
9,9869
9,9870
9,9871
9,9872
9,9873
9,9874
9,9875
9,9876
9,9877
9,9878
9,9879
9,9880
9,9881
9,9882
9,9883
9,9884
9,9885
9,9886
9,9887
9,9888
9,9889
9,9890
9,9891
9,9892
9,9893
9,9894
9,9895
9,9896
9,9897
9,9898
9,9899
9,9900
9,9901
9,9902
9,9903
9,9904
9,9905
9,9906
9,9907
9,9908
9,9909
9,9910
9,9911
9,9912
1,9913
3,9913
1,9914
3,9914
9,9915
1,9916
1,9917
9,9917
1,9918
3,9918
1,9919
3,9919
1,9920
3,9920
1,9921
3,9921
1,9922
3,9922
1,9923
3,9923
1,9924
3,9924
1,9925
3,9925
1,9926
3,9926
1,9927
3,9927
1,9928
3,9928
1,9929
3,9929
1,9930
3,9930
1,9931
3,9931
1,9932
3,9932
1,9933
3,9933
1,9934
3,9934
1,9935
3,9935
1,9936
3,9936
1,9937
3,9937
1,9938
3,9938
1,9939
3,9939
1,9940
3,9940
1,9941
3,9941
1,9942
3,9942
1,9943
3,9943
1,9944
3,9944
1,9945
3,9945
1,9946
3,9946
1,9947
3,9947
1,9948
3,9948
1,9949
3,9949
1,9950
3,9950
1,9951
3,9951
1,9952
3,9952
1,9953
3,9953
1,9954
3,9954
1,9955
3,9955
1,9956
3,9956
1,9957
3,9957
1,9958
3,9958
1,9959
3,9959
1,9960
3,9960
1,9961
3,9961
1,9962
3,9962
1,9963
3,9963
1,9964
3,9964
1,9965
3,9965
1,9966
3,9966
1,9967
3,9967
1,9968
3,9968
1,9969
3,9969
1,9970
3,9970
1,9971
3,9971
1,9972
3,9972
1,9973
3,9973
1,9974
3,9974
1,9975
3,9975
1,9976
3,9976
1,9977
3,9977
1,9978
3,9978
9,9979
22,9979
9,9980
22,9980
9,9981
22,9981
9,9982
22,9982
9,9983
22,9983
9,9984
22,9984
9,9985
22,9985
9,9986
22,9986
9,9987
22,9987
9,9988
22,9988
9,9989
9,9990
9,9991
9,9992
9,9993
9,9994
9,9995
9,9996
9,9997
9,9998
9,9999
9,10000
9,10001
9,10002
9,10003
9,10004
9,10005
9,10006
9,10007
9,10008
9,10009
9,10010
9,10011
9,10012
9,10013
9,10014
9,10015
9,10016
9,10017
9,10018
9,10019
9,10020
9,10021
9,10022
9,10023
9,10024
1,10025
1,10026
1,10027
1,10028
1,10029
1,10030
1,10031
1,10032
9,10033
22,10034
23,10035
9,10036
22,10037
1,10038
5,10039
1,10040
1,10041
1,10042
9,10043
1,10044
1,10045
1,10046
9,10046
1,10047
9,10047
23,10048
23,10049
9,10050
9,10051
9,10052
9,10053
9,10054
9,10055
9,10056
9,10057
9,10058
9,10059
9,10060
9,10061
9,10062
9,10063
9,10064
9,10065
9,10066
9,10067
9,10068
9,10069
9,10070
9,10071
9,10072
9,10073
9,10074
9,10075
22,10075
9,10076
9,10077
9,10078
9,10079
9,10080
9,10081
9,10082
9,10083
9,10084
9,10085
9,10086
9,10087
9,10088
9,10089
9,10090
9,10091
9,10092
9,10093
9,10094
9,10095
9,10096
23,10097
1,10098
1,10099
1,10100
9,10101
9,10102
9,10103
9,10104
9,10105
9,10106
9,10107
9,10108
9,10109
9,10110
9,10111
9,10112
9,10113
9,10114
9,10115
9,10116
9,10117
9,10118
9,10119
9,10120
9,10121
9,10122
9,10123
9,10124
9,10125
9,10126
9,10127
9,10128
9,10129
9,10130
9,10131
9,10132
9,10133
9,10134
9,10135
23,10136
9,10137
9,10138
9,10139
9,10140
9,10141
9,10142
9,10143
9,10144
9,10145
1,10146
1,10147
1,10148
1,10149
1,10150
1,10151
1,10152
9,10153
9,10154
9,10155
9,10156
9,10157
9,10158
9,10159
9,10160
9,10161
9,10162
9,10163
9,10164
9,10165
9,10166
9,10167
9,10168
9,10169
9,10170
9,10171
9,10172
9,10173
9,10174
9,10175
9,10176
9,10177
9,10178
9,10179
9,10180
9,10181
9,10182
9,10183
9,10184
9,10185
9,10186
9,10187
9,10188
9,10189
9,10190
9,10191
9,10192
9,10193
9,10194
9,10195
9,10196
9,10197
9,10198
9,10199
9,10200
9,10201
9,10202
9,10203
9,10204
9,10205
9,10206
9,10207
9,10208
9,10209
9,10210
9,10211
9,10212
9,10213
9,10214
9,10215
9,10216
9,10217
9,10218
9,10219
9,10220
9,10221
9,10222
9,10223
9,10224
9,10225
9,10226
9,10227
9,10228
9,10229
9,10230
9,10231
9,10232
9,10233
9,10234
9,10235
9,10236
9,10237
9,10238
9,10239
9,10240
9,10241
9,10242
9,10243
9,10244
9,10245
9,10246
9,10247
9,10248
9,10249
9,10250
9,10251
9,10252
9,10253
9,10254
9,10255
9,10256
9,10257
9,10258
9,10259
9,10260
9,10261
9,10262
9,10263
9,10264
9,10265
9,10266
9,10267
9,10268
9,10269
9,10270
9,10271
9,10272
9,10273
9,10274
9,10275
9,10276
23,10277
9,10278
9,10279
1,10280
1,10281
1,10282
1,10283
1,10284
1,10285
1,10286
1,10287
21,10288
9,10289
9,10290
9,10291
9,10292
9,10293
1,10294
9,10294
23,10294
1,10295
9,10295
23,10295
1,10296
9,10296
23,10296
9,10297
9,10298
9,10299
9,10300
9,10301
9,10302
9,10303
9,10304
9,10305
9,10306
9,10307
9,10308
9,10309
1,10310
1,10311
1,10312
1,10313
1,10314
1,10315
1,10316
1,10317
1,10318
1,10319
1,10320
1,10321
1,10322
1,10323
1,10324
1,10325
1,10326
1,10327
23,10328
9,10329
9,10331
9,10332
9,10333
1,10334
23,10335
9,10336
2,10337
9,10337
16,10337
2,10338
9,10338
16,10338
22,10338
2,10339
9,10339
16,10339
22,10339
9,10340
9,10341
1,10342
22,10342
1,10343
22,10343
1,10344
22,10344
1,10345
22,10345
1,10346
22,10346
1,10347
22,10347
9,10348
9,10349
9,10350
9,10351
9,10352
9,10353
9,10354
9,10355
9,10356
9,10357
9,10358
9,10359
9,10360
9,10361
1,10362
22,10363
23,10363
9,10364
9,10365
9,10366
9,10367
23,10368
9,10369
23,10370
9,10371
9,10372
9,10373
9,10374
9,10375
9,10376
9,10377
9,10378
9,10379
9,10380
9,10381
9,10382
9,10383
9,10384
9,10385
1,10386
1,10387
1,10388
1,10389
1,10390
1,10391
1,10392
1,10393
1,10394
1,10395
1,10396
9,10397
22,10397
23,10397
34,10397
1,10398
9,10398
1,10399
3,10399
6,10399
1,10400
3,10400
6,10401
9,10402
9,10403
9,10404
9,10405
9,10406
9,10407
9,10408
9,10409
9,10410
9,10411
9,10412
9,10413
9,10414
23,10415
23,10416
23,10417
23,10418
23,10419
23,10420
23,10421
23,10422
23,10423
1,10424
9,10425
9,10426
9,10427
9,10428
9,10429
9,10430
9,10431
1,10432
9,10432
1,10433
9,10434
1,10435
1,10436
9,10437
1,10438
9,10439
1,10440
1,10441
1,10442
1,10443
9,10444
9,10445
23,10446
1,10447
9,10448
1,10449
1,10450
1,10451
1,10459
9,10460
9,10461
9,10462
9,10463
1,10464
9,10464
1,10465
9,10465
1,10466
9,10466
1,10467
9,10467
1,10468
9,10468
1,10469
9,10469
1,10470
9,10470
1,10471
9,10471
1,10472
9,10472
1,10473
9,10473
1,10474
9,10474
1,10475
9,10475
1,10476
9,10476
1,10477
3,10477
1,10478
3,10478
1,10479
22,10479
9,10480
9,10481
1,10483
1,10484
1,10485
1,10486
1,10487
1,10488
1,10489
1,10490
9,10491
9,10492
9,10493
9,10494
9,10495
9,10496
9,10497
9,10498
9,10499
9,10500
9,10501
9,10502
9,10503
1,10504
9,10505
9,10506
1,10507
1,10508
1,10509
9,10509
1,10510
9,10510
1,10511
9,10511
1,10512
22,10512
1,10513
1,10514
9,10514
1,10515
3,10515
1,10516
3,10516
1,10517
3,10517
1,10518
3,10518
1,10519
3,10519
1,10520
1,10521
1,10522
3,10522
1,10523
3,10523
1,10524
3,10524
1,10525
3,10525
1,10526
3,10526
1,10527
3,10527
1,10528
3,10528
1,10529
3,10529
1,10530
3,10530
1,10531
3,10531
1,10532
3,10532
1,10533
3,10533
1,10534
3,10534
1,10535
3,10535
1,10536
3,10536
1,10537
3,10537
1,10538
3,10538
1,10539
3,10539
1,10540
3,10540
1,10541
3,10541
1,10542
3,10542
9,10543
1,10544
3,10544
15,10544
21,10544
1,10545
3,10545
9,10546
22,10547
9,10548
1,10549
3,10549
15,10549
1,10550
2,10551
9,10551
1,10552
3,10552
9,10553
9,10554
9,10555
9,10556
1,10557
9,10557
9,10558
1,10559
9,10560
1,10561
9,10567
9,10570
9,10571
9,10572
9,10573
9,10574
22,10574
9,10575
22,10575
1,10576
3,10576
5,10576
6,10576
11,10576
1,10577
3,10577
5,10577
6,10577
11,10577
1,10578
9,10579
9,10581
23,10581
9,10582
22,10583
9,10584
9,10585
23,10585
22,10586
9,10587
23,10587
9,10588
23,10588
9,10589
9,10590
1,10591
1,10592
1,10593
1,10594
1,10595
1,10596
9,10597
9,10598
9,10599
9,10600
9,10601
9,10602
9,10603
9,10604
9,10605
9,10606
9,10607
9,10608
9,10609
9,10610
9,10611
9,10612
9,10613
9,10614
9,10615
9,10616
9,10617
9,10618
9,10619
9,10620
9,10621
9,10622
9,10623
9,10624
9,10625
9,10626
9,10627
9,10628
9,10629
9,10630
9,10631
9,10632
22,10632
9,10633
22,10633
9,10634
22,10634
9,10635
22,10635
9,10636
22,10636
9,10637
22,10637
9,10638
22,10638
9,10639
22,10639
9,10640
22,10640
9,10641
9,10642
9,10643
9,10644
9,10645
9,10646
9,10647
9,10648
9,10649
9,10650
9,10651
9,10652
9,10653
9,10654
9,10655
9,10656
9,10657
9,10658
9,10659
9,10660
9,10661
9,10662
9,10663
9,10664
9,10665
9,10666
9,10667
9,10668
9,10669
9,10670
9,10671
9,10672
9,10673
9,10674
9,10675
9,10676
9,10677
9,10678
9,10679
9,10680
9,10681
9,10682
9,10683
9,10684
9,10685
9,10686
9,10687
9,10688
9,10689
9,10690
9,10691
9,10692
9,10693
9,10694
9,10695
9,10696
9,10697
9,10698
9,10699
9,10700
9,10701
9,10702
9,10703
9,10704
9,10705
9,10706
9,10707
9,10708
9,10709
9,10710
9,10711
9,10712
9,10713
22,10714
9,10715
9,10716
9,10717
9,10718
9,10719
9,10720
9,10721
9,10722
9,10723
9,10724
9,10725
9,10726
9,10727
9,10728
9,10729
9,10730
9,10731
9,10732
9,10733
1,10734
3,10734
1,10735
9,10735
1,10736
9,10736
1,10737
9,10737
1,10738
9,10738
1,10739
9,10739
1,10740
9,10740
1,10741
9,10741
9,10742
9,10743
1,10744
9,10744
1,10745
1,10746
1,10747
1,10748
1,10749
1,10750
1,10751
1,10752
1,10753
22,10754
9,10755
9,10756
9,10757
9,10758
9,10759
9,10760
9,10761
9,10762
9,10763
9,10764
9,10765
9,10766
1,10767
9,10768
9,10769
9,10770
9,10771
9,10772
9,10773
9,10774
9,10775
9,10776
9,10777
9,10778
9,10779
9,10780
9,10781
9,10782
9,10783
9,10784
9,10785
9,10786
9,10787
9,10788
9,10789
9,10790
9,10791
9,10792
22,10792
9,10793
9,10794
9,10795
9,10796
9,10797
9,10798
9,10799
9,10800
9,10801
9,10802
9,10803
9,10804
9,10805
9,10806
9,10807
9,10808
9,10809
9,10810
9,10811
9,10812
1,10813
3,10813
16,10813
1,10814
3,10814
16,10814
1,10815
3,10815
16,10815
1,10816
3,10816
16,10816
1,10817
3,10817
16,10817
1,10818
3,10818
16,10818
1,10819
3,10819
16,10819
1,10820
3,10820
16,10820
1,10821
9,10821
1,10822
9,10822
1,10823
9,10823
1,10824
9,10824
1,10825
9,10825
1,10826
9,10826
1,10827
9,10827
9,10828
1,10829
9,10829
1,10830
9,10830
1,10831
9,10831
1,10832
9,10832
1,10833
9,10833
1,10834
9,10834
9,10835
9,10836
9,10837
9,10838
9,10839
9,10840
9,10841
9,10842
9,10843
9,10844
9,10845
9,10846
9,10847
1,10848
9,10848
1,10849
9,10849
1,10851
9,10851
1,10852
9,10852
1,10853
9,10853
1,10855
9,10855
1,10856
9,10856
1,10857
9,10857
1,10858
9,10858
1,10859
9,10859
1,10860
9,10860
1,10861
9,10861
1,10862
9,10862
1,10863
9,10863
1,10864
9,10864
1,10865
9,10865
1,10866
9,10866
1,10867
9,10867
1,10868
9,10868
1,10869
3,10869
1,10870
3,10870
1,10871
3,10871
1,10872
3,10872
1,10873
3,10873
1,10874
3,10874
1,10875
3,10875
1,10876
3,10876
1,10877
3,10877
1,10878
3,10878
1,10879
3,10879
1,10880
3,10880
1,10881
3,10881
1,10882
3,10882
1,10883
3,10883
9,10884
9,10885
9,10886
9,10887
9,10888
9,10889
9,10890
9,10891
9,10892
9,10893
9,10894
9,10895
9,10896
9,10897
1,10899
1,10900
1,10901
1,10902
1,10903
9,10904
9,10905
9,10906
9,10907
9,10908
9,10909
9,10910
9,10911
9,10912
9,10913
9,10914
9,10915
9,10916
9,10917
9,10918
2,10919
9,10919
2,10920
9,10920
2,10921
9,10921
9,10922
9,10923
9,10924
9,10925
9,10926
9,10927
9,10928
22,10929
9,10930
9,10931
22,10932
9,10933
9,10934
9,10935
9,10936
9,10937
9,10938
9,10939
9,10940
9,10941
9,10942
9,10943
9,10944
9,10945
9,10946
9,10947
9,10948
9,10949
9,10950
9,10951
9,10952
9,10953
9,10954
