id,program_id
2568,23
8129,44
8134,45
8103,46
1570,49
1571,49
1572,49
1573,49
1574,49
1575,49
1578,50
1579,50
1580,50
1581,50
1582,50
1583,50
143,75
1659,80
193,82
342,83
343,83
344,83
4536,83
7600,83
2368,94
2313,118
1925,120
1926,120
1927,120
488,124
489,124
490,124
491,124
1337,124
1338,124
2448,130
5113,132
2298,135
2071,144
8128,145
8133,146
8105,147
8104,148
1188,154
2547,166
2548,166
159,173
434,180
2062,198
8140,215
505,234
41,241
1480,248
1481,248
1482,248
4538,248
7585,248
7586,248
4667,314
1750,327
2005,344
2006,344
1286,352
2134,358
2135,358
1176,366
2381,378
2382,378
2383,378
474,389
6761,389
2399,404
2838,416
2009,417
2449,421
1766,453
2843,486
1187,496
1949,501
1950,501
1951,501
4359,502
4360,502
2092,506
7623,506
8923,506
166,511
698,540
693,541
694,541
695,541
696,541
697,541
2106,542
228,552
8293,552
1974,569
1975,569
1976,569
1977,569
1978,569
1979,569
109,589
110,589
2061,598
194,611
1175,612
1129,624
2393,630
2394,630
2395,630
2396,630
4356,630
4357,630
7060,630
7574,630
1903,631
1904,631
2086,638
2087,638
2088,638
2089,638
2090,638
2091,638
3147,638
4789,638
4790,638
876,658
1785,678
9529,701
9499,709
545,728
546,728
198,734
8433,734
1958,738
1959,738
9530,740
9531,740
2350,756
9526,832
471,846
472,846
2013,846
351,888
2110,908
2113,909
2095,910
2111,911
2107,912
2112,913
9503,917
501,936
502,936
7652,936
1186,978
2502,1084
2503,1084
2504,1084
156,1088
3115,1091
3116,1091
71,1092
4584,1106
7137,1128
7138,1128
7139,1128
7140,1128
7141,1128
7142,1128
7143,1128
8496,1128
5146,1142
1295,1150
2986,1151
2987,1151
2988,1151
5206,1151
5153,1158
3797,1174
1891,1176
1892,1176
1842,1177
1843,1177
154,1186
359,1206
1973,1218
431,1229
1917,1230
4,1235
10398,1237
2041,1239
8111,1239
8112,1239
2464,1242
36,1255
37,1255
7591,1255
7592,1255
2371,1264
458,1276
459,1276
743,1277
744,1277
2720,1289
5359,1289
10426,1289
540,1295
541,1295
7183,1296
7184,1296
7185,1296
7186,1296
7187,1296
7188,1296
7189,1296
9751,1300
9752,1300
9753,1300
9754,1300
9755,1300
9756,1300
9757,1300
9758,1300
9759,1300
1132,1333
1130,1335
8053,1337
9132,1342
9133,1342
9134,1342
9135,1342
9136,1342
9137,1342
9138,1342
9139,1342
9140,1342
9141,1342
9142,1342
9143,1342
8822,1344
8823,1344
8824,1344
8825,1344
8346,1356
8347,1356
8348,1356
8349,1356
8911,1368
10451,1374
8350,1392
8351,1392
8352,1392
8353,1392
8354,1392
8355,1392
9122,1406
9123,1406
9124,1406
9125,1406
9126,1406
9127,1406
4606,1420
4607,1420
4608,1420
4609,1420
4610,1420
4611,1420
4612,1420
4613,1420
4614,1420
4615,1420
2787,1427
2788,1427
2790,1427
8640,1428
8641,1428
8642,1428
8643,1428
10559,1429
7934,1431
7935,1431
7936,1431
10668,1431
6500,1441
6501,1441
6502,1441
6503,1441
6504,1441
6505,1441
1324,1450
5985,1450
8336,1450
2978,1451
7165,1458
9410,1461
9411,1461
9412,1461
9413,1461
9414,1461
9415,1463
9416,1463
9417,1463
9418,1463
9419,1463
9420,1463
9421,1463
9422,1463
7081,1467
2170,1491
7671,1492
9048,1492
9049,1492
9050,1492
9051,1492
2725,1503
1880,1510
6212,1510
7566,1510
7567,1510
7568,1510
2456,1518
8876,1522
8877,1522
8878,1522
8879,1522
8880,1522
10430,1522
10544,1531
1585,1534
1586,1534
1587,1534
5408,1534
5409,1534
5410,1534
7257,1536
7258,1536
7259,1536
7260,1536
7261,1536
7262,1536
7113,1538
7114,1538
7115,1538
9538,1544
9539,1544
9540,1544
9541,1544
9542,1544
9543,1544
9544,1544
9545,1544
9546,1544
9547,1544
9548,1544
9549,1544
9760,1549
9761,1549
9762,1549
9763,1549
4358,1565
1007,1570
1008,1570
1009,1570
1010,1570
1011,1570
5622,1570
703,1571
704,1571
705,1571
706,1571
707,1571
708,1571
709,1571
710,1571
711,1571
5560,1572
5561,1572
804,1575
805,1575
806,1575
807,1575
809,1575
5562,1575
5563,1575
5564,1575
5565,1575
5566,1575
5567,1575
5568,1575
5569,1575
5570,1575
5571,1575
5572,1575
5573,1575
5574,1575
5575,1575
5576,1575
712,1576
713,1576
714,1576
715,1576
716,1576
717,1576
718,1576
719,1576
720,1576
721,1576
722,1576
734,1577
735,1577
736,1577
737,1577
738,1577
8073,1580
8074,1580
8075,1580
8076,1580
8077,1580
8078,1580
8079,1580
8080,1580
8081,1580
8082,1580
8083,1580
8084,1580
10545,1580
10491,1581
10492,1581
10493,1581
10494,1581
10495,1581
10496,1581
10497,1581
10498,1581
10499,1581
10500,1581
10501,1581
10502,1581
8389,1589
8390,1589
8391,1589
8392,1589
8393,1589
261,1590
263,1590
3824,1590
2124,1592
1749,1593
2430,1608
6125,1613
6126,1613
7306,1613
7307,1613
7308,1613
3879,1614
3880,1614
3883,1614
3884,1614
3885,1614
6089,1614
9316,1615
9317,1615
9318,1615
9319,1615
9320,1615
845,1623
846,1623
847,1623
848,1623
849,1623
850,1623
5613,1623
5614,1623
4164,1630
4165,1630
4166,1630
4167,1630
4168,1630
4169,1630
6082,1630
6083,1630
6084,1630
4242,1645
4884,1651
10781,1653
10782,1653
10783,1653
10784,1653
10785,1653
10786,1653
3898,1659
3901,1659
3903,1659
3904,1659
3905,1659
9342,1659
9343,1659
9344,1659
2316,1661
9979,1663
9980,1663
9981,1663
9982,1663
9983,1663
9984,1663
9985,1663
9986,1663
9987,1663
9988,1663
864,1664
865,1664
866,1664
867,1664
868,1664
10038,1665
10039,1665
10040,1665
10041,1665
10042,1665
857,1666
859,1666
860,1666
861,1666
863,1666
10841,1674
10842,1674
10843,1674
10844,1674
10845,1674
10846,1674
10847,1674
5365,1679
2314,1682
4343,1684
4344,1684
4345,1684
4346,1684
4050,1686
9144,1686
2475,1687
10182,1689
10183,1689
10184,1689
10185,1689
10186,1689
10187,1689
10188,1689
10189,1689
10190,1689
10191,1689
10192,1689
10193,1689
10194,1689
4804,1692
4805,1692
4807,1692
4810,1692
4825,1692
4826,1692
4827,1692
6061,1692
4348,1718
4349,1718
7217,1718
7219,1718
7220,1718
7222,1718
9532,1748
9533,1748
9534,1748
9535,1748
9536,1748
9537,1748
2602,1767
10712,1772
10713,1772
10714,1772
10715,1772
10716,1772
10717,1772
5085,1777
4510,1780
4511,1780
4514,1780
4515,1780
6710,1780
8480,1780
8481,1780
1280,1784
1110,1786
1111,1786
1113,1786
6069,1786
9380,1786
9381,1787
9382,1787
9383,1787
9384,1787
9385,1787
10208,1788
10209,1788
10210,1788
10211,1788
10212,1788
10213,1788
10214,1788
10215,1788
10216,1788
10217,1788
10218,1788
10219,1788
10220,1788
448,1801
450,1801
1774,1803
1781,1804
1784,1805
3681,1806
3682,1806
3684,1806
3685,1806
3686,1806
3687,1806
7771,1806
2758,1807
5821,1807
7772,1807
7773,1807
8918,1807
3669,1808
7610,1808
7611,1808
7612,1808
8051,1808
3947,1810
3948,1810
3949,1810
3950,1810
3951,1810
3952,1810
3953,1810
3954,1810
3955,1810
3956,1810
3957,1810
6085,1810
8932,1810
8933,1810
8934,1810
8935,1810
8936,1810
106,1811
107,1811
4974,1811
4975,1811
7083,1811
8897,1811
8898,1811
8899,1811
8900,1811
8901,1811
5874,1812
5875,1812
5876,1812
5877,1812
5878,1812
5879,1812
5880,1812
2017,1830
3667,1831
3668,1831
2458,1837
9282,1867
9283,1867
9284,1867
9285,1867
9286,1867
9287,1867
9702,1885
9703,1885
9704,1885
9705,1885
9706,1885
9707,1885
9708,1885
9709,1885
9710,1885
9711,1885
9712,1885
9713,1885
9714,1885
9715,1885
9716,1885
9717,1885
9718,1885
9719,1885
9634,1889
9635,1889
9636,1889
9637,1889
9638,1889
9639,1889
9640,1889
9641,1889
9642,1889
9643,1889
9644,1889
9645,1889
9646,1889
9647,1889
9648,1889
9649,1889
9650,1889
9651,1889
3980,1894
3981,1894
3982,1894
3983,1894
3985,1894
3987,1894
3988,1894
6105,1894
6106,1894
9666,1896
9667,1896
9668,1896
9669,1896
9670,1896
9671,1896
9672,1896
9673,1896
9674,1896
9675,1896
9676,1896
9677,1896
9678,1896
9679,1896
9680,1896
9681,1896
4176,1897
4177,1897
4178,1897
4179,1897
4180,1897
4183,1897
4184,1897
7293,1897
7294,1897
7295,1897
7296,1897
7297,1897
10135,1902
10136,1902
10137,1902
10138,1902
10139,1902
10140,1902
10141,1902
10142,1902
10143,1902
10144,1902
10145,1902
10146,1903
10147,1903
10148,1903
10149,1903
10150,1903
10151,1903
10152,1903
9000,1920
9001,1920
9301,1924
9302,1924
9303,1924
9304,1924
9305,1924
9306,1924
9307,1924
9484,1925
9485,1925
9486,1925
9487,1925
9488,1925
9489,1925
9490,1925
9491,1925
9492,1925
9493,1925
9466,1926
9467,1926
9468,1926
9469,1926
9470,1926
9471,1926
9472,1926
9473,1926
9474,1926
9475,1926
9476,1926
9477,1926
9478,1926
9479,1926
1249,1929
1250,1929
1251,1929
5936,1929
5940,1929
6081,1929
232,1930
235,1930
236,1930
238,1930
239,1930
5132,1930
5134,1930
8356,1931
8357,1931
8358,1931
8359,1931
8360,1931
8361,1931
8362,1931
10520,1931
285,1932
286,1932
287,1932
289,1932
5141,1932
7861,1932
9550,1935
9552,1935
9553,1935
9554,1935
9555,1935
9556,1935
9557,1935
9558,1935
9559,1935
9560,1935
9561,1935
9562,1935
9563,1935
9564,1935
9565,1935
9566,1935
10331,1935
10332,1935
10333,1935
10403,1935
7863,1939
7864,1939
7865,1939
7866,1939
7867,1939
7868,1939
7869,1939
7870,1939
7871,1939
7872,1939
7873,1939
7874,1939
547,1940
548,1940
549,1940
550,1940
551,1940
552,1940
553,1940
5278,1940
6282,1940
10250,1940
10251,1940
10252,1940
10253,1940
4308,1941
4309,1941
4310,1941
6280,1941
6281,1941
8237,1942
8238,1942
8239,1942
8240,1942
8241,1942
8242,1942
8243,1942
8244,1942
8245,1942
8246,1942
8247,1942
10821,1943
10822,1943
10823,1943
10824,1943
10825,1943
10826,1943
10827,1943
10828,1943
10829,1943
10830,1943
10831,1943
10832,1943
10833,1943
10834,1943
7902,1944
7903,1944
7904,1944
7905,1944
7906,1944
7907,1944
7908,1944
7909,1944
7910,1944
7911,1944
7912,1944
7913,1944
10340,1944
10341,1944
10402,1944
3972,1946
6616,1946
6617,1946
6618,1946
6619,1946
6620,1946
7896,1947
7897,1947
7898,1947
7899,1947
7900,1947
7901,1947
7388,1948
7843,1949
7844,1949
7845,1949
7846,1949
7847,1949
7848,1949
7849,1949
7850,1949
7851,1949
7852,1949
6048,1951
8127,1952
9045,1958
7685,1966
8121,1974
2992,1983
2856,2000
2512,2003
7429,2003
7432,2003
7433,2003
10337,2003
10338,2003
10339,2003
8871,2004
8872,2004
8873,2004
8874,2004
8875,2004
57,2006
58,2006
3691,2007
3692,2007
7230,2007
9288,2007
10512,2008
10513,2008
10514,2008
8982,2012
8983,2012
8984,2012
2228,2013
5249,2013
5251,2013
7288,2013
7289,2013
7290,2013
7291,2013
7292,2013
2180,2014
5254,2014
7283,2014
7284,2014
7299,2015
7300,2015
7301,2015
7302,2015
7304,2015
7305,2015
2141,2016
987,2029
7263,2029
7264,2029
2642,2030
2643,2030
2083,2036
2085,2036
7091,2036
7092,2036
7093,2036
7094,2036
7770,2036
8924,2036
991,2039
992,2039
993,2039
994,2039
995,2039
5223,2039
7126,2039
10279,2039
8750,2041
8751,2041
8116,2042
9151,2042
9152,2042
9153,2042
9154,2042
9155,2042
9156,2042
9157,2042
9005,2045
9006,2045
9007,2045
1265,2050
8752,2051
8753,2051
8804,2075
8805,2075
8806,2075
8807,2075
8808,2075
8809,2075
8810,2075
8811,2075
8812,2075
8813,2075
257,2077
258,2077
6029,2077
7062,2077
7063,2077
7064,2077
8780,2080
8781,2080
2098,2084
2099,2084
2100,2084
2102,2084
2104,2084
5698,2084
5700,2084
2097,2087
1200,2088
1202,2088
5220,2088
3138,2099
3139,2099
10490,2103
3621,2105
3622,2105
3623,2105
3624,2105
3625,2105
3626,2105
3627,2105
3628,2105
10503,2106
8143,2107
2209,2110
2212,2110
2214,2110
5776,2110
5777,2110
8101,2112
8525,2115
8526,2115
8836,2121
8837,2121
8838,2121
5921,2124
9793,2130
9794,2130
9795,2130
9796,2130
9797,2130
9798,2130
9799,2130
9800,2130
9801,2130
10769,2132
10770,2132
10771,2132
10772,2132
10773,2132
10774,2132
10775,2132
10776,2132
10777,2132
10778,2132
10779,2132
10780,2132
6186,2140
6187,2140
10025,2152
10026,2152
10027,2152
10028,2152
10029,2152
10030,2152
10031,2152
10032,2152
10904,2157
10905,2157
10906,2157
10907,2157
10908,2157
10909,2157
10581,2158
10582,2158
10583,2158
10584,2158
10585,2158
10586,2158
10587,2158
10588,2158
10589,2158
10590,2158
2752,2165
4539,2173
9251,2176
9252,2176
9253,2176
9254,2176
9255,2176
9256,2176
9257,2176
9258,2176
9259,2176
9260,2176
10098,2177
10099,2177
10100,2177
10431,2178
950,2179
7734,2181
7735,2181
7736,2181
7737,2181
7700,2182
7701,2182
7702,2182
7703,2182
7704,2182
7705,2182
9149,2182
9150,2182
9432,2183
9433,2183
9434,2183
9435,2183
9436,2183
9437,2183
9438,2183
9439,2183
9440,2183
4429,2185
4431,2185
4432,2185
4433,2185
7208,2185
7209,2185
10359,2185
10360,2185
10361,2185
9241,2195
9242,2195
9243,2195
9244,2195
9245,2195
9246,2195
9247,2195
9248,2195
9249,2195
9250,2195
9770,2197
9771,2197
9772,2197
9773,2197
9774,2197
9775,2197
9776,2197
9777,2197
9778,2197
9779,2197
9780,2197
9781,2197
9782,2197
8770,2199
8771,2199
8772,2199
4579,2202
4580,2202
4582,2202
4583,2202
5884,2202
5885,2202
4565,2204
8773,2207
8774,2207
2573,2209
2625,2210
8775,2214
8776,2214
8777,2214
8778,2214
8779,2214
6065,2218
6066,2218
6067,2218
6068,2218
2583,2220
2584,2220
2585,2220
2305,2221
5703,2221
10439,2221
7720,2222
7721,2222
2306,2223
2307,2223
5037,2233
5038,2233
8122,2234
9783,2237
9784,2237
9785,2237
9786,2237
9787,2237
9788,2237
9789,2237
9790,2237
9791,2237
9792,2237
9268,2239
9269,2239
9270,2239
9271,2239
9272,2239
9273,2239
9274,2239
964,2249
965,2249
966,2249
967,2249
968,2249
5288,2249
7862,2249
10946,2251
10947,2251
10948,2251
10949,2251
10950,2251
10951,2251
10952,2251
10953,2251
10954,2251
8376,2253
8377,2253
8378,2253
8379,2253
8380,2253
10508,2253
10266,2256
10267,2256
10268,2256
10269,2256
10270,2256
10271,2256
10272,2256
10273,2256
10274,2256
10275,2256
10276,2256
7853,2258
7854,2258
7855,2258
7856,2258
7857,2258
7858,2258
7859,2258
7860,2258
7834,2259
7835,2259
7836,2259
7837,2259
7838,2259
7839,2259
7840,2259
7841,2259
7842,2259
8294,2260
8295,2260
8296,2260
8297,2260
8298,2260
8299,2260
8300,2260
8301,2260
8302,2260
8303,2260
10521,2260
2347,2262
2349,2262
10153,2264
10154,2264
10155,2264
10156,2264
8123,2266
8124,2266
8125,2266
2010,2269
2011,2269
2012,2269
8149,2272
8735,2278
8736,2278
8737,2278
8738,2278
8739,2278
8740,2278
8741,2278
8742,2278
2336,2279
8150,2279
1313,2280
1314,2280
1315,2280
10181,2280
8120,2281
3544,2282
3545,2282
3546,2282
3547,2282
646,2284
76,2286
10237,2288
10238,2288
10239,2288
10240,2288
10241,2288
10242,2288
10243,2288
10244,2288
10245,2288
10246,2288
10247,2288
10248,2288
10249,2288
3938,2289
3939,2289
3940,2289
3941,2289
3942,2289
3943,2289
3944,2289
3945,2289
3946,2289
8931,2289
9827,2290
9828,2290
9829,2290
9830,2290
9831,2290
9832,2290
9833,2290
9834,2290
9835,2290
9836,2290
9837,2290
9838,2290
10405,2290
1422,2296
1423,2296
6019,2296
7463,2296
7464,2296
7465,2296
7466,2296
7994,2296
3610,2301
6191,2301
7955,2301
6183,2306
7274,2306
5,2311
6,2311
7,2311
8,2311
9,2311
4605,2311
10792,2316
10793,2316
10794,2316
10795,2316
10796,2316
10797,2316
10798,2316
10799,2316
10800,2316
10801,2316
10802,2316
10803,2316
10804,2316
10805,2316
10806,2316
9989,2318
9990,2318
9991,2318
9992,2318
9993,2318
9994,2318
9995,2318
9996,2318
9997,2318
9998,2318
9999,2318
10000,2318
10001,2318
10002,2318
10003,2318
10076,2320
10077,2320
10078,2320
10079,2320
10080,2320
10081,2320
10082,2320
10083,2320
10084,2320
8187,2325
8188,2325
8189,2325
8190,2325
8191,2325
8192,2325
8193,2325
8194,2325
8195,2325
8196,2325
8197,2325
8198,2325
8199,2325
8200,2325
9146,2325
9235,2354
9236,2354
9237,2354
9238,2354
9239,2354
9240,2354
10429,2364
3114,2370
7966,2373
7967,2373
7968,2373
7969,2373
7970,2373
7971,2373
7972,2373
8020,2399
8021,2399
8022,2399
8023,2399
8024,2399
8025,2399
2542,2402
2408,2404
10428,2410
10561,2415
2461,2421
7629,2426
7630,2426
7631,2426
7632,2426
7633,2426
7634,2426
7635,2426
7636,2426
8919,2426
7698,2434
7699,2434
9527,2438
1806,2445
9076,2445
8510,2447
8511,2447
8512,2447
8513,2447
8514,2447
1319,2451
1320,2451
1321,2451
1322,2451
1323,2451
2877,2451
2878,2451
10608,2453
10609,2453
10610,2453
10611,2453
10612,2453
10613,2453
10614,2453
10615,2453
10616,2453
10617,2453
10618,2453
10619,2453
10620,2453
10621,2453
6742,2458
6743,2458
6744,2458
6747,2458
6748,2458
6749,2458
6750,2458
6751,2458
6752,2458
6753,2458
9184,2467
9185,2469
9186,2469
9187,2469
9188,2469
9189,2469
6042,2474
6043,2474
6044,2474
6045,2474
6046,2474
6047,2474
7072,2474
7073,2474
7074,2474
10371,2475
10372,2475
10373,2475
10374,2475
10375,2475
10376,2475
10377,2475
10378,2475
10379,2475
10380,2475
10381,2475
10382,2475
10383,2475
10384,2475
10385,2475
9224,2478
9225,2478
9226,2478
9227,2478
9228,2478
9229,2478
9230,2478
9231,2478
9232,2478
9233,2478
9234,2478
10014,2489
10015,2489
10016,2489
10017,2489
10018,2489
10019,2489
10020,2489
10021,2489
10022,2489
10023,2489
10024,2489
9180,2493
9181,2493
9182,2493
9183,2493
10044,2503
10045,2503
8646,2508
5078,2515
5079,2515
8754,2516
8755,2516
8756,2516
8757,2516
8758,2516
8759,2516
8760,2516
8761,2516
8762,2516
8763,2516
8764,2516
554,2519
567,2520
4247,2526
7793,2526
292,2532
293,2532
294,2532
295,2532
296,2532
297,2532
5168,2532
5169,2532
7386,2532
7387,2532
595,2533
596,2533
597,2533
598,2533
10157,2534
10158,2534
10159,2534
10160,2534
10161,2534
10162,2534
10163,2534
10164,2534
10165,2534
10166,2534
10167,2534
10168,2534
81,2537
8204,2538
8205,2538
8206,2538
8207,2538
8208,2538
8209,2538
8221,2538
10540,2538
10101,2539
10102,2539
10103,2539
10104,2539
10105,2539
10106,2539
10107,2539
10108,2539
10109,2539
10110,2539
10111,2539
10112,2539
10113,2539
8215,2540
8216,2540
8217,2540
8218,2540
8219,2540
8220,2540
8236,2540
10541,2540
8689,2541
8690,2541
8691,2541
8692,2541
10441,2541
10254,2543
10255,2543
10256,2543
10257,2543
10258,2543
10259,2543
10260,2543
10261,2543
10262,2543
10263,2543
10264,2543
10265,2543
10114,2544
10115,2544
10116,2544
10117,2544
10118,2544
10119,2544
10120,2544
10121,2544
10122,2544
10123,2544
8251,2545
8252,2545
8253,2545
8254,2545
8255,2545
8256,2545
8257,2545
10542,2545
8258,2546
8259,2546
8260,2546
8261,2546
8262,2546
8263,2546
8264,2546
10538,2546
10124,2547
10125,2547
10126,2547
10127,2547
10128,2547
10129,2547
10130,2547
10131,2547
10132,2547
10133,2547
10134,2547
10567,2548
8318,2549
8319,2549
8320,2549
8321,2549
8322,2549
8323,2549
8324,2549
10507,2549
8265,2550
8266,2550
8267,2550
8268,2550
8269,2550
8270,2550
8271,2550
10539,2550
10573,2552
8272,2553
8273,2553
8274,2553
8275,2553
8276,2553
8277,2553
8278,2553
10537,2553
8279,2554
8280,2554
8281,2554
8282,2554
8283,2554
8284,2554
8285,2554
10536,2554
10572,2555
568,2565
569,2565
1989,2574
2459,2575
10522,2584
10523,2584
10524,2584
10525,2584
10526,2584
10527,2584
10528,2584
10529,2584
10530,2584
10531,2584
10532,2584
10533,2584
10534,2584
10535,2584
8685,2585
8686,2585
8687,2585
8688,2585
10442,2585
10934,2586
10935,2586
10936,2586
10937,2586
10938,2586
10939,2586
10940,2586
10941,2586
10942,2586
10943,2586
10944,2586
10945,2586
248,2587
249,2587
250,2587
251,2587
252,2587
253,2587
254,2587
255,2587
8089,2588
8090,2588
8091,2588
8092,2588
8093,2588
8094,2588
8248,2588
8249,2588
8250,2588
1055,2589
1056,2589
5527,2589
5529,2589
6320,2589
6702,2589
6703,2589
6704,2589
10434,2590
10169,2592
10170,2592
10171,2592
10172,2592
10173,2592
10174,2592
10175,2592
10176,2592
10177,2592
10178,2592
10179,2592
10180,2592
10386,2593
10387,2593
10388,2593
10389,2593
10390,2593
10391,2593
10392,2593
10393,2593
10394,2593
10395,2593
10396,2593
5086,2597
4398,2604
1768,2605
1769,2605
468,2607
469,2607
9441,2615
9442,2615
9443,2615
9444,2615
9445,2615
9446,2615
9447,2615
7242,2618
7149,2620
7150,2620
7151,2620
7152,2620
7153,2620
9299,2620
9300,2620
508,2628
2713,2630
5219,2631
352,2636
356,2637
10085,2639
10086,2639
10087,2639
10088,2639
10089,2639
10090,2639
10091,2639
10092,2639
10093,2639
10094,2639
10095,2639
10096,2639
10097,2639
4724,2640
4726,2640
4727,2640
4730,2640
4731,2640
4735,2640
4737,2640
6238,2640
1899,2644
1900,2644
1901,2644
6227,2644
6228,2644
6229,2644
1700,2649
1701,2649
1702,2649
1703,2649
1704,2649
1705,2649
1755,2649
7103,2649
7104,2649
7099,2650
7100,2650
7101,2650
7102,2650
2431,2652
2432,2652
2433,2652
2434,2652
2435,2652
2436,2652
2437,2652
2438,2652
2439,2652
2440,2652
7118,2653
7119,2653
7120,2653
7121,2653
7122,2653
8398,2662
8399,2662
8400,2662
8401,2662
9764,2664
9765,2664
9766,2664
9767,2664
9768,2664
9769,2664
8408,2665
8409,2665
8410,2665
8411,2665
10448,2667
8537,2668
8538,2668
10460,2670
10461,2670
8644,2671
8645,2671
10505,2672
10506,2672
1441,2673
1442,2673
1443,2673
7681,2673
9201,2673
8457,2674
8458,2674
8405,2677
8406,2677
8407,2677
8459,2678
8460,2678
8461,2678
3791,2680
8174,2680
8175,2680
8176,2680
8177,2680
8178,2680
8179,2680
8180,2680
1435,2681
1436,2681
1437,2681
1341,2682
1438,2683
1439,2683
1440,2683
8606,2684
8607,2684
8608,2684
8609,2684
1444,2685
1445,2685
1446,2685
8466,2686
4079,2688
4080,2688
6598,2688
6599,2688
4084,2689
4085,2689
4088,2689
4089,2689
6605,2689
6606,2689
6032,2690
6034,2690
6035,2690
6037,2690
6602,2690
6603,2690
6604,2690
8534,2692
8535,2692
8536,2692
8402,2694
8403,2694
8404,2694
9261,2701
9262,2701
9263,2701
9264,2701
9265,2701
9266,2701
9267,2701
3473,2702
3474,2702
632,2707
633,2707
634,2707
8544,2734
8545,2734
8546,2734
8547,2734
2402,2735
2179,2742
2094,2754
2065,2770
195,2773
2482,2792
5736,2792
1658,2794
2339,2795
2340,2795
1189,2796
184,2797
1680,2810
1248,2813
1937,2832
1970,2833
1971,2833
1972,2833
3658,2835
3659,2835
3660,2835
2003,2836
2004,2836
9215,2837
9216,2837
9217,2837
9218,2837
9219,2837
9220,2837
9221,2837
9222,2837
9223,2837
49,2839
2144,2840
2544,2841
1818,2842
1823,2844
2401,2847
10195,2861
10196,2861
10197,2861
10198,2861
10199,2861
10200,2861
10201,2861
10202,2861
10203,2861
10204,2861
10205,2861
10206,2861
10207,2861
10450,2862
1057,2865
1058,2865
1059,2865
1060,2865
1061,2865
1062,2865
3967,2865
6614,2865
6615,2865
2174,2867
2304,2874
2035,2886
2063,2893
2064,2893
2131,2894
2132,2894
10483,2895
10484,2895
10485,2895
10486,2895
10487,2895
10488,2895
8711,2896
8712,2896
8713,2896
8714,2896
8715,2896
8716,2896
8717,2896
1932,2908
1911,2910
1912,2910
3092,2913
3095,2913
5768,2913
5769,2913
5770,2913
5771,2913
2136,2914
2137,2914
2138,2914
2027,2920
2028,2920
7265,2925
1723,2931
1724,2931
1725,2931
1726,2931
9130,2932
9131,2932
3663,2935
3664,2935
3665,2935
3661,2938
3662,2938
2007,2940
2008,2940
6072,2940
9500,2948
7713,2961
7714,2961
492,2965
493,2965
3841,2966
3843,2966
3844,2966
7048,2966
7051,2966
1128,2970
2143,2980
9202,2990
9203,2990
9204,2990
9205,2990
9206,2990
9207,2990
9208,2990
9209,2990
9210,2990
9211,2990
2162,2993
124,3007
125,3007
126,3007
127,3007
128,3007
129,3007
130,3007
8593,3020
8594,3020
8595,3020
8826,3021
8827,3021
8828,3021
8829,3021
10693,3024
10694,3024
10695,3024
10696,3024
10697,3024
7959,3025
7960,3025
7961,3025
7962,3025
7963,3025
7964,3025
7965,3025
3166,3029
3169,3029
3171,3029
3172,3029
3173,3029
5846,3029
5847,3029
5848,3029
2984,3031
2985,3031
4544,3043
4545,3043
4546,3043
4547,3043
4548,3043
9066,3060
8527,3063
8528,3063
8529,3063
8530,3063
8531,3063
8532,3063
8533,3063
1362,3064
1363,3064
1364,3064
3056,3068
9365,3074
9366,3074
9367,3074
9368,3074
9369,3074
9370,3074
9371,3074
9372,3074
9373,3074
9374,3074
9375,3074
9376,3074
119,3076
1133,3077
3113,3079
4814,3088
4815,3088
4816,3088
4817,3088
4818,3088
2260,3099
2261,3099
2262,3099
2263,3099
2264,3099
2157,3101
2158,3101
2159,3101
2161,3101
8634,3105
8635,3105
8636,3105
8637,3105
8638,3105
8639,3105
1933,3106
1934,3106
10745,3111
10746,3111
10747,3111
10748,3111
10749,3111
10750,3111
10751,3111
10752,3111
10753,3111
10754,3111
8468,3118
8469,3118
8470,3118
8471,3118
8472,3118
4490,3120
4491,3120
4492,3120
4493,3120
3456,3121
3457,3121
9289,3129
9290,3129
9291,3129
9292,3129
9293,3129
9294,3129
9295,3129
9296,3129
9297,3129
9298,3129
4239,3130
4245,3131
7148,3131
10004,3134
10005,3134
10006,3134
10007,3134
10008,3134
10009,3134
10010,3134
10011,3134
10012,3134
10013,3134
10551,3135
10848,3139
10849,3139
10851,3139
10852,3139
10853,3139
10855,3139
10856,3139
10857,3139
10858,3139
10859,3139
10860,3139
10861,3139
10862,3139
10863,3139
10864,3139
10865,3139
10866,3139
10867,3139
10868,3139
2429,3143
9839,3146
9840,3146
9841,3146
9842,3146
9843,3146
9844,3146
9845,3146
9846,3146
9847,3146
9848,3146
9849,3146
9850,3146
9851,3146
9852,3146
9853,3146
9854,3146
9855,3146
9856,3146
9857,3146
9858,3146
9859,3146
10404,3146
9052,3154
9053,3154
9054,3154
9055,3154
9057,3154
9058,3154
9059,3154
9060,3154
9061,3154
9802,3157
9803,3157
9804,3157
9805,3157
9806,3157
9807,3157
9808,3157
9809,3157
9810,3157
9811,3157
9812,3157
9813,3157
9814,3157
9815,3157
9816,3157
9817,3157
9818,3157
9819,3157
9820,3157
9821,3157
9822,3157
9823,3157
9824,3157
9825,3157
7999,3161
8000,3161
8001,3161
8002,3161
8003,3161
8004,3161
8005,3161
8006,3161
8007,3161
8008,3161
8009,3161
8010,3161
8011,3161
10406,3166
10407,3166
10408,3166
10409,3166
10410,3166
10411,3166
10412,3166
10413,3166
10414,3166
10415,3166
10416,3166
10417,3166
10418,3166
10419,3166
10420,3166
10421,3166
10422,3166
10423,3166
9571,3168
3148,3169
3149,3169
3151,3169
3152,3169
5843,3169
6664,3169
7572,3169
9398,3171
9399,3171
9400,3171
9401,3171
9402,3171
9403,3171
9404,3171
9405,3171
9406,3171
9407,3171
9408,3171
9409,3171
8782,3172
8783,3172
8784,3172
8785,3172
8786,3172
4057,3176
4058,3176
4059,3176
4060,3176
7495,3176
7496,3176
7497,3176
7499,3176
10075,3176
1786,3178
98,3179
99,3179
100,3179
101,3179
5040,3179
5042,3179
6028,3179
2271,3180
1817,3182
7691,3187
2093,3192
8539,3194
8540,3194
8541,3194
8542,3194
8543,3194
9101,3195
9102,3195
9103,3195
9104,3195
9105,3195
9106,3195
9107,3195
9108,3195
9109,3195
9110,3195
9111,3195
9112,3195
1762,3203
9721,3206
9722,3206
9723,3206
9724,3206
9725,3206
9726,3206
9727,3206
9728,3206
9729,3206
9730,3206
9731,3206
9732,3206
9733,3206
9734,3206
2774,3216
2726,3223
10922,3231
10923,3231
10924,3231
10925,3231
10926,3231
10927,3231
10928,3231
10929,3231
10930,3231
10931,3231
10932,3231
10933,3231
3894,3232
6757,3232
9652,3235
9653,3235
9654,3235
9655,3235
9656,3235
9657,3235
9658,3235
59,3238
60,3238
8610,3240
8611,3240
8612,3240
10481,3241
2341,3242
2759,3243
3976,3250
3977,3250
4147,3258
4148,3258
4149,3258
4150,3258
9682,3260
9683,3260
9684,3260
9685,3260
9686,3260
9687,3260
9688,3260
9689,3260
9690,3260
4151,3261
4152,3261
4153,3261
4154,3261
2695,3262
6633,3262
4441,3263
4444,3263
8558,3276
8559,3276
8560,3276
8561,3276
8562,3276
8563,3276
8564,3276
8565,3276
8566,3276
8556,3277
8557,3277
10444,3282
3928,3283
3934,3283
3935,3283
3936,3283
8718,3284
8719,3284
8720,3284
8721,3284
8722,3284
8723,3284
8724,3284
8725,3284
8596,3285
8597,3285
664,3286
5593,3286
7954,3286
10560,3286
8581,3291
8582,3291
8583,3291
8584,3291
8585,3291
8586,3291
447,3300
2037,3302
3239,3307
3240,3307
3241,3307
3242,3307
3243,3307
2462,3311
2463,3311
6351,3312
187,3313
188,3313
1121,3316
136,3318
137,3318
138,3318
56,3320
4926,3320
6178,3320
7253,3322
7254,3322
10578,3322
10579,3322
2858,3323
2860,3323
2861,3323
7054,3323
10427,3323
9693,3325
9694,3325
9695,3325
9696,3325
9697,3325
9698,3325
9699,3325
9700,3325
9701,3325
10435,3327
4542,3329
4543,3329
7529,3329
7530,3329
9190,3332
9191,3332
9192,3332
9193,3332
9016,3335
9017,3335
4274,3337
4278,3337
4279,3337
4280,3337
7215,3337
7216,3337
10364,3337
10365,3337
10366,3337
3601,3340
6188,3340
4036,3341
4037,3341
4038,3341
4040,3341
5999,3341
2981,3344
7782,3344
10043,3344
2296,3346
6300,3347
6301,3347
6302,3347
6303,3347
6304,3347
6305,3347
6306,3347
6307,3347
10597,3348
10598,3348
10599,3348
10600,3348
10601,3348
10602,3348
10603,3348
10604,3348
10605,3348
10606,3348
10607,3348
1990,3350
1782,3354
7310,3357
8063,3372
8064,3372
8065,3372
8066,3372
8067,3372
8068,3372
8069,3372
8070,3372
8085,3372
9501,3388
10348,3391
10349,3391
10350,3391
10351,3391
10352,3391
10353,3391
10354,3391
10355,3391
10356,3391
10357,3391
10358,3391
10884,3392
10885,3392
10886,3392
10887,3392
10888,3392
10889,3392
10890,3392
10891,3392
10892,3392
10893,3392
7706,3405
7708,3405
7709,3405
7710,3405
7711,3405
9147,3405
9148,3405
10543,3406
2854,3408
739,3409
740,3409
5581,3409
5582,3409
5583,3409
10549,3413
50,3416
1767,3425
2076,3428
1199,3432
5221,3432
5222,3432
10554,3433
6213,3436
6214,3436
6215,3436
6216,3436
6217,3436
6218,3436
6219,3436
6220,3436
6221,3436
1278,3441
1279,3441
7820,3441
7821,3441
7822,3441
7823,3441
7824,3441
2235,3443
2236,3443
2237,3443
2114,3457
7885,3463
7886,3463
7887,3463
7888,3463
7880,3464
7881,3464
7882,3464
7883,3464
7884,3464
10650,3465
10651,3465
10652,3465
10653,3465
10654,3465
10655,3465
10656,3465
10657,3465
10658,3465
10718,3467
10719,3467
10720,3467
10721,3467
10722,3467
10723,3467
10724,3467
8726,3475
8727,3475
8728,3475
8026,3476
8027,3476
8028,3476
10553,3476
185,3480
186,3480
364,3486
4483,3504
4484,3504
10622,3507
10623,3507
10624,3507
10625,3507
10626,3507
10627,3507
10628,3507
10629,3507
10630,3507
10631,3507
10449,3508
1606,3514
1607,3514
1608,3514
1609,3514
1610,3514
699,3525
700,3525
701,3525
5584,3525
5585,3525
347,3529
358,3539
1424,3542
1425,3542
1426,3542
1080,3543
7801,3543
2172,3544
2460,3557
2265,3560
2266,3560
2267,3560
2268,3560
2269,3560
2270,3560
2473,3564
51,3568
52,3568
2569,3569
2570,3569
1070,3571
1073,3571
6259,3571
7405,3571
7406,3571
7407,3571
7408,3571
8071,3571
8072,3571
7995,3573
7996,3573
7997,3573
7998,3573
10919,3574
10920,3574
10921,3574
10698,3575
10699,3575
10700,3575
10701,3575
10702,3575
10703,3575
10704,3575
10705,3575
10706,3575
10707,3575
10708,3575
10709,3575
10710,3575
10711,3575
10555,3576
77,3577
7744,3578
7745,3578
7746,3578
7747,3578
7748,3578
7749,3578
7738,3579
7739,3579
7740,3579
7742,3579
9145,3579
8185,3581
8186,3581
8448,3585
8449,3585
8450,3585
8451,3585
8452,3585
10463,3585
394,3590
395,3590
10509,3590
10510,3590
10511,3590
3010,3592
3011,3592
6660,3592
6661,3592
6662,3592
7565,3592
7312,3593
7313,3593
10556,3593
10552,3594
2767,3595
2768,3595
2769,3595
2770,3595
2771,3595
2772,3595
2773,3595
7367,3595
10548,3595
10576,3599
10641,3605
10642,3605
10643,3605
10644,3605
10645,3605
10646,3605
10647,3605
10648,3605
10649,3605
8325,3606
8326,3606
8327,3606
8328,3606
8329,3606
8330,3606
8331,3606
2564,3608
2565,3608
2566,3608
4071,3615
4072,3615
8693,3616
8694,3616
8695,3616
8696,3616
8697,3616
8698,3616
8699,3616
8700,3616
1075,3617
1076,3617
3174,3618
3175,3618
3176,3618
3177,3618
17,3619
18,3619
19,3619
20,3619
4967,3619
4968,3619
4969,3619
4970,3619
3258,3622
3259,3622
7233,3622
10437,3625
374,3629
375,3629
376,3629
377,3629
381,3629
4264,3629
4265,3629
7206,3629
7207,3629
1664,3630
1665,3630
7123,3630
7124,3630
7125,3630
2200,3633
2201,3633
2202,3633
2203,3633
8153,3637
8154,3637
8155,3637
8156,3637
8157,3637
8158,3637
8159,3637
8160,3637
8161,3637
8162,3637
8163,3637
10515,3639
10516,3639
10517,3639
10518,3639
10519,3639
2204,3642
2205,3642
2206,3642
2208,3642
7084,3642
7085,3642
7086,3642
7087,3642
7088,3642
7089,3642
7090,3642
3653,3646
10577,3648
9308,3654
9309,3654
9310,3654
9311,3654
9312,3654
9313,3654
9314,3654
9315,3654
8952,3659
8953,3659
8954,3659
8955,3659
8956,3659
8957,3659
8958,3659
8959,3659
8960,3659
8961,3659
8962,3659
8963,3659
8964,3659
8965,3659
191,3661
192,3661
795,3666
6241,3666
6242,3666
7528,3666
761,3668
762,3668
763,3668
6239,3668
6240,3668
8434,3668
8435,3668
2251,3669
2252,3669
189,3670
190,3670
4712,3672
4713,3672
4715,3672
4718,3672
4720,3672
7401,3672
7402,3672
7404,3672
5270,3673
8232,3677
1734,3682
1735,3682
10489,3689
10465,3697
10466,3697
10467,3697
10468,3697
10469,3697
10470,3697
10471,3697
10472,3697
10473,3697
10474,3697
10475,3697
10476,3697
10477,3697
10478,3697
4950,3698
4951,3698
4954,3698
4955,3698
4957,3698
4958,3698
4959,3698
4960,3698
4961,3698
4962,3698
4964,3698
10591,3721
10592,3721
10593,3721
10594,3721
10595,3721
10596,3721
887,3723
5534,3723
5535,3723
5536,3723
5537,3723
5538,3723
5539,3723
5540,3723
5541,3723
5542,3723
9528,3727
2031,3728
1654,3735
10807,3744
10808,3744
10809,3744
10810,3744
7914,3745
7915,3745
10811,3745
10812,3745
10669,3752
10670,3752
10671,3752
10672,3752
10673,3752
10674,3752
10675,3752
10676,3752
10677,3752
10678,3752
10679,3752
10680,3752
2476,3753
2477,3753
2478,3753
2479,3753
2480,3753
2481,3753
9448,3754
9449,3754
9450,3754
9451,3754
9452,3754
9453,3754
9454,3754
8126,3762
1820,3763
1821,3763
1822,3763
5974,3763
6754,3763
1524,3787
1525,3787
1526,3787
1527,3787
1528,3787
4388,3787
4390,3787
4391,3787
4392,3787
4393,3787
4394,3787
4395,3787
10445,3797
10446,3797
8138,3801
1172,3816
8966,3823
8967,3823
8968,3823
8969,3823
8970,3823
8971,3823
8972,3823
8973,3823
8974,3823
8975,3823
8976,3823
2373,3831
2374,3831
6104,3831
7111,3831
1740,3833
1741,3833
1742,3833
1743,3833
1745,3833
1746,3833
1747,3833
7105,3833
7106,3833
10580,3840
8572,3853
8573,3853
9086,3854
9087,3854
9088,3854
9089,3854
9090,3854
9091,3854
9092,3854
9093,3854
10725,3861
10726,3861
10727,3861
10728,3861
10729,3861
10730,3861
10731,3861
10732,3861
10733,3861
2967,3866
2969,3867
9175,3873
9176,3873
9177,3873
9178,3873
9179,3873
2510,3876
5778,3876
5779,3876
5781,3876
8850,3876
8851,3876
8852,3876
9358,3879
9359,3879
9360,3879
4287,3880
4288,3880
521,3882
1928,3884
1929,3884
6224,3884
6225,3884
6226,3884
3974,3892
3975,3892
2278,3897
2279,3897
3532,3898
3533,3898
3534,3898
3535,3898
3536,3898
3537,3898
3538,3898
3539,3898
3540,3898
3541,3898
8906,3905
8907,3905
8908,3905
4705,3909
4707,3909
4708,3909
1619,3912
4699,3916
9046,3918
9047,3918
8548,3919
8549,3919
8550,3919
8551,3919
8552,3919
8553,3919
8554,3919
8555,3919
7983,3931
7984,3931
7985,3931
7986,3931
7987,3931
7988,3931
7989,3931
7990,3931
7991,3931
3859,3935
3860,3935
3861,3935
3862,3935
2283,3936
2284,3936
2285,3936
2152,3937
2153,3937
2154,3937
2155,3937
2286,3939
2287,3939
2288,3939
2289,3939
1555,3941
1556,3941
1557,3941
6377,3941
6378,3941
3375,3946
3376,3946
3377,3946
3378,3946
3379,3946
4475,3950
1409,3957
1410,3957
2029,3962
4447,3962
10755,3963
10756,3963
10757,3963
10758,3963
10759,3963
10760,3963
10761,3963
10762,3963
10763,3963
10764,3963
10765,3963
10766,3963
8462,3965
8463,3965
8464,3965
8465,3965
3445,3966
10659,3968
10660,3968
10661,3968
10662,3968
10663,3968
10664,3968
10665,3968
10666,3968
10667,3968
9517,3972
9518,3972
9519,3972
9520,3972
9521,3972
9522,3972
2728,3973
1348,3974
7715,3985
7716,3985
7717,3985
7719,3985
1318,3999
167,4006
2521,4028
8853,4048
8854,4048
8855,4048
8856,4048
8857,4048
9077,4052
9078,4052
9079,4052
9080,4052
9081,4052
9082,4052
9083,4052
9084,4052
9085,4052
8182,4056
8183,4056
8184,4056
9113,4079
1623,4084
1624,4084
461,4098
5635,4108
2553,4118
2555,4118
2557,4118
3688,4125
3689,4125
3690,4125
3261,4126
10894,4127
10895,4127
10896,4127
10897,4127
2825,4128
2826,4128
2827,4128
6059,4128
7167,4128
7168,4128
779,4129
3887,4129
9345,4130
9346,4130
9347,4130
9348,4130
9349,4130
9350,4130
9351,4130
9352,4130
9353,4130
9354,4130
9355,4130
9356,4130
9357,4130
7974,4133
7975,4133
7976,4133
7977,4133
7978,4133
7979,4133
7980,4133
7981,4133
7982,4133
10438,4142
10447,4145
8012,4148
8013,4148
8014,4148
8015,4148
8016,4148
8017,4148
8018,4148
8019,4148
10557,4148
2603,4149
3779,4151
2636,4152
350,4153
2315,4158
2317,4159
430,4168
2021,4170
2022,4170
3077,4193
3079,4193
155,4196
9659,4197
9660,4197
9661,4197
9662,4197
9663,4197
9664,4197
9665,4197
10787,4198
10788,4198
10789,4198
10790,4198
10791,4198
3140,4199
3141,4199
3142,4199
1538,4213
1539,4213
8796,4222
8797,4222
8798,4222
8799,4222
8800,4222
8801,4222
8802,4222
8803,4222
8147,4225
8148,4225
8765,4227
8766,4227
8767,4227
8768,4227
8769,4227
2105,4228
2982,4229
2983,4229
2663,4233
2665,4233
9361,4234
9362,4234
9363,4234
9364,4234
27,4237
28,4237
29,4237
30,4237
31,4237
32,4237
4971,4237
4972,4237
4973,4237
8849,4237
1683,4240
1684,4240
1685,4240
1691,4241
1692,4241
1693,4241
8102,4242
8371,4244
8372,4244
8373,4244
8374,4244
8375,4244
8029,4245
8030,4245
8031,4245
8032,4245
8033,4245
8034,4245
8035,4245
8036,4245
8037,4245
8038,4245
8039,4245
5074,4250
5075,4250
2042,4251
7132,4257
7133,4257
7134,4257
7135,4257
6621,4261
6623,4261
7601,4261
7602,4261
7603,4261
7604,4261
7605,4261
7606,4261
7607,4261
7637,4261
8902,4261
2293,4264
2294,4264
2295,4264
5706,4265
5707,4265
5708,4265
5709,4265
8815,4273
8816,4273
2505,4274
10681,4275
10682,4275
10683,4275
10684,4275
10685,4275
10686,4275
10687,4275
10688,4275
10689,4275
10690,4275
10691,4275
10692,4275
8743,4279
8744,4279
8745,4279
8746,4279
8747,4279
8748,4279
8749,4279
8598,4281
8599,4281
8600,4281
8601,4281
8602,4281
8603,4281
8604,4281
8605,4281
2032,4282
7543,4282
476,4287
477,4287
478,4287
2351,4290
484,4292
7234,4292
9601,4292
9602,4292
8707,4299
8708,4299
8709,4299
8710,4299
10440,4299
1519,4300
1521,4300
1522,4300
7368,4300
7369,4300
7370,4300
7371,4300
5039,4304
8387,4304
8388,4304
1272,4307
8040,4312
8041,4312
8042,4312
8043,4312
8044,4312
8045,4312
8046,4312
8047,4312
2786,4317
8137,4328
8106,4330
168,4331
160,4333
161,4333
5130,4334
5131,4334
1470,4338
1475,4338
1476,4338
1477,4338
1478,4338
1479,4338
10546,4342
10547,4342
2363,4345
2365,4345
1641,4355
1642,4355
1643,4355
10869,4365
10870,4365
10871,4365
10872,4365
10873,4365
10874,4365
10875,4365
10876,4365
10877,4365
10878,4365
10879,4365
10880,4365
10881,4365
10882,4365
10883,4365
8868,4371
8869,4371
8870,4371
7446,4372
7448,4372
2173,4375
9280,4377
9281,4377
2366,4385
9572,4386
9573,4386
9574,4386
9575,4386
2043,4387
2044,4387
2045,4387
2046,4387
2047,4387
7061,4387
2367,4389
2369,4394
1923,4396
6222,4396
6223,4396
7564,4396
2370,4398
2361,4399
363,4414
2362,4418
122,4425
8701,4429
8702,4429
8703,4429
8704,4429
8705,4429
8706,4429
2400,4438
2457,4447
1679,4450
2831,4455
1913,4457
1915,4457
4578,4471
1103,4473
1134,4477
2215,4480
2216,4480
7692,4482
7693,4482
7694,4482
7695,4482
10425,4482
3509,4485
3511,4485
3512,4485
3514,4485
7353,4485
1043,4490
1044,4490
1045,4490
2142,4492
10734,4493
10735,4493
10736,4493
10737,4493
10738,4493
10739,4493
10740,4493
10741,4493
10742,4493
10743,4493
10744,4493
470,4503
7992,4503
7993,4503
475,4504
9163,4517
3476,4525
3477,4525
3478,4525
6436,4525
7389,4525
10464,4525
8885,4527
8886,4527
8887,4527
8888,4527
8889,4527
8890,4527
8891,4527
6434,4528
6435,4528
7047,4528
1484,4530
4396,4530
4397,4530
8515,4533
8516,4533
8517,4533
8518,4533
8519,4533
2318,4549
2319,4549
2320,4549
2321,4549
2322,4549
2325,4549
2327,4549
6236,4549
6237,4549
10632,4558
10633,4558
10634,4558
10635,4558
10636,4558
10637,4558
10638,4558
10639,4558
10640,4558
10813,4559
10814,4559
10815,4559
10816,4559
10817,4559
10818,4559
10819,4559
10820,4559
3422,4561
3423,4561
3424,4561
3425,4561
6039,4561
6040,4561
6041,4561
3486,4565
6415,4565
8370,4565
3589,4569
7337,4569
3586,4571
7686,4572
7687,4572
7688,4572
7689,4572
9158,4572
9159,4572
9160,4572
9161,4572
9162,4572
8382,4574
8383,4574
8384,4574
8385,4574
8386,4574
3273,4575
3274,4575
3275,4575
7395,4575
2990,4577
8937,4583
8938,4583
8939,4583
8940,4583
8941,4583
8942,4583
8943,4583
8944,4583
10570,4586
10571,4586
2379,4594
7109,4594
8793,4599
8794,4599
8795,4599
8054,4605
3046,4608
6607,4608
6608,4608
9067,4608
9068,4608
9069,4608
9070,4608
9071,4608
9072,4608
9073,4608
9212,4615
9213,4615
9214,4615
3296,4619
3297,4619
6756,4619
7682,4619
9194,4619
9195,4623
9196,4623
9197,4623
9198,4623
9199,4623
9200,4623
10574,4630
10575,4630
7442,4632
2506,4633
2411,4635
2412,4635
2413,4635
2414,4635
2415,4635
2416,4635
9735,4637
9736,4637
9737,4637
9738,4637
9739,4637
9740,4637
9741,4637
9742,4637
9743,4637
9744,4637
9745,4637
9746,4637
9747,4637
9748,4637
9749,4637
8332,4639
8333,4639
8334,4639
8335,4639
842,4640
7055,4640
7056,4640
8482,4645
8483,4645
8484,4645
8485,4645
8486,4645
8487,4645
2648,4648
2649,4648
2650,4648
10504,4653
4909,4656
5232,4656
5723,4656
7615,4656
7616,4656
2784,4660
2932,4664
415,4669
2587,4670
2588,4670
2589,4670
1952,4695
1953,4695
1954,4695
9386,4698
9387,4698
9388,4698
9389,4698
9390,4698
9391,4698
9392,4698
9393,4698
9394,4698
9395,4698
9396,4698
9397,4698
4427,4702
4428,4702
4893,4705
4894,4705
4895,4705
4896,4705
4897,4705
4898,4705
4899,4705
4900,4705
4901,4705
5943,4711
5944,4711
6464,4713
6465,4713
6466,4713
6467,4713
6468,4713
7593,4713
7594,4713
2799,4714
6243,4714
7589,4714
4902,4722
4903,4722
4904,4722
4905,4722
8337,4723
8338,4723
8339,4723
8340,4723
8341,4723
8342,4723
8343,4723
8344,4723
8345,4723
1086,4729
6056,4729
6057,4729
6058,4729
9609,4730
9610,4730
9611,4730
9612,4730
9613,4730
9614,4730
9615,4730
9616,4730
9617,4730
9618,4730
9619,4730
9620,4730
1600,4732
1602,4732
1604,4733
8628,4735
8629,4735
8630,4735
8631,4735
8632,4735
8633,4735
1611,4738
1612,4738
1613,4738
1614,4738
2970,4738
4300,4739
4301,4739
4302,4739
668,4749
669,4749
670,4749
5588,4749
5589,4749
5590,4749
10224,4755
10225,4755
10226,4755
10227,4755
10228,4755
10229,4755
10230,4755
10231,4755
10232,4755
10233,4755
10234,4755
10235,4755
10236,4755
5899,4762
26,4766
2182,4770
2183,4770
2184,4770
2185,4770
2186,4770
2187,4770
2189,4771
3702,4773
3703,4773
2483,4774
2485,4774
2486,4774
2487,4774
2488,4774
2489,4774
6481,4774
7577,4774
7578,4774
6470,4786
6471,4786
6472,4786
6473,4786
6474,4786
6475,4786
6476,4786
2122,4788
7112,4789
8142,4791
3675,4794
3676,4794
3679,4794
1655,4796
3351,4797
10910,4799
10911,4799
10912,4799
10913,4799
10914,4799
10915,4799
10916,4799
10917,4799
10918,4799
1122,4803
10835,4806
10836,4806
10837,4806
10838,4806
10839,4806
10840,4806
4317,4809
8881,4813
8882,4813
8883,4813
8884,4813
579,4814
580,4814
581,4814
582,4814
583,4814
3823,4814
3617,4815
3629,4815
3630,4815
3633,4815
6248,4815
6251,4815
7531,4815
7533,4815
7534,4815
7535,4815
7536,4815
7678,4816
7679,4816
3057,4822
3059,4822
3060,4822
3063,4822
628,4825
629,4825
630,4825
631,4825
10558,4828
3407,4829
3408,4829
3409,4829
3410,4829
3411,4829
9167,4835
9168,4835
9169,4835
9170,4835
9171,4835
9172,4835
9173,4835
9174,4835
2403,4836
1689,4842
1690,4842
5915,4842
6673,4842
1696,4843
1697,4843
1698,4843
1699,4843
4655,4844
4656,4844
4657,4844
4658,4844
4647,4845
4649,4845
4650,4845
4652,4845
4653,4845
5055,4846
5056,4846
5057,4846
5058,4846
5059,4846
5060,4846
5061,4846
5062,4846
5063,4846
5064,4846
5065,4846
5066,4846
5067,4846
652,4847
653,4847
654,4847
655,4847
656,4847
4599,4847
4600,4847
4601,4847
4602,4847
4603,4847
4604,4847
9587,4850
9588,4850
9589,4850
7467,4854
7468,4854
7469,4854
7470,4854
7471,4854
7472,4854
7473,4854
7973,4854
1271,4858
1347,4861
1171,4866
2511,4867
2409,4870
2410,4870
2018,4878
2019,4878
2020,4878
173,4888
4863,4890
4864,4890
5147,4897
5148,4897
5149,4897
5150,4897
5151,4897
5152,4897
2832,4898
2833,4898
2834,4898
2835,4898
2836,4898
2837,4898
4811,4900
4812,4900
4813,4900
2839,4907
2840,4907
2844,4908
2845,4908
2846,4908
2847,4908
2848,4908
1292,4916
1662,4917
1808,4919
8479,4928
2733,4929
9604,4952
9605,4952
9606,4952
9607,4952
9608,4952
3587,4962
7474,4968
7956,4968
7957,4968
7958,4968
746,4970
747,4970
748,4970
749,4970
750,4970
751,4970
752,4970
753,4970
754,4970
755,4970
756,4970
757,4970
8520,4971
8521,4971
8522,4971
8523,4971
8524,4971
820,4972
821,4972
822,4972
824,4972
825,4972
826,4972
5577,4972
5578,4972
5579,4972
5580,4972
8119,4977
83,4991
84,4991
85,4991
86,4991
87,4991
88,4991
89,4991
2378,4996
2470,5003
2471,5003
2472,5003
5200,5006
5201,5006
5202,5006
5204,5006
9275,5007
9276,5007
9277,5007
9278,5007
9279,5007
183,5008
8839,5011
8840,5011
8977,5015
8978,5015
8436,5018
8437,5018
8438,5018
8439,5018
8440,5018
8441,5018
8442,5018
8443,5018
8444,5018
2447,5034
39,5041
43,5041
44,5041
45,5041
46,5041
47,5041
48,5041
4450,5041
4451,5041
4452,5041
4453,5041
4454,5041
4455,5041
4456,5041
4457,5041
1935,5042
1936,5042
2177,5046
5856,5049
5857,5049
8574,5068
8575,5068
8576,5068
2190,5072
2191,5072
2198,5073
2199,5073
4866,5095
4868,5095
4869,5095
4870,5095
4871,5095
4872,5095
4874,5095
4875,5095
4876,5095
4879,5095
4880,5095
4882,5095
4883,5095
6235,5095
2841,5097
2842,5097
10063,5100
10064,5100
10065,5100
10066,5100
10067,5100
10068,5100
10069,5100
10070,5100
10071,5100
10072,5100
10073,5100
10074,5100
10433,5101
1022,5111
1023,5111
1024,5111
1377,5114
5677,5114
5678,5114
8467,5114
4002,5116
1651,5117
1652,5117
2224,5118
7249,5118
7250,5118
7251,5118
1760,5120
1761,5120
2297,5124
7107,5126
7108,5126
7769,5126
8613,5128
8614,5128
8615,5128
8616,5128
8617,5128
8618,5128
8619,5128
8620,5128
8621,5128
8622,5128
8623,5128
8624,5128
432,5129
406,5135
407,5135
409,5135
410,5135
411,5135
5366,5135
5368,5135
10424,5136
9337,5137
9338,5137
9339,5137
9340,5137
9341,5137
9074,5138
9075,5138
10459,5140
10050,5141
10051,5141
10052,5141
10053,5141
10054,5141
10055,5141
10056,5141
10057,5141
10058,5141
10059,5141
10060,5141
10061,5141
10062,5141
10443,5142
7329,5144
7330,5144
7331,5144
7332,5144
7333,5144
7334,5144
7335,5144
7336,5144
2551,5146
2552,5146
90,5147
2714,5149
2715,5149
2716,5149
2717,5149
2718,5149
2734,5150
2782,5151
5922,5153
164,5154
165,5154
4249,5156
4250,5156
4251,5156
4252,5156
4254,5156
6278,5156
6279,5156
8445,5163
8446,5163
8447,5163
2376,5170
2377,5170
7110,5170
9424,5171
9425,5171
9426,5171
9427,5171
9428,5171
9429,5171
9430,5171
9431,5171
2108,5176
2109,5177
7409,5183
7643,5183
7644,5183
7645,5183
7647,5183
7648,5183
7649,5183
7650,5183
7651,5183
8920,5183
8921,5183
1845,5188
8144,5189
1846,5191
1890,5192
2357,5205
3228,5206
3229,5206
3230,5206
3231,5206
3232,5206
3233,5206
8135,5209
4861,5210
4862,5210
1807,5216
3014,5216
2176,5220
8118,5223
1540,5225
1541,5225
1542,5225
1543,5225
1544,5225
1181,5233
1182,5233
1183,5233
1184,5233
1185,5233
3234,5234
3235,5234
3236,5234
3237,5234
3238,5234
1231,5235
1232,5235
1233,5235
1234,5235
10221,5236
10222,5236
10223,5236
3321,5238
3672,5239
3673,5239
3674,5239
5849,5241
5851,5241
5852,5241
5853,5241
8847,5241
8848,5241
3695,5248
3696,5248
3697,5248
3698,5248
5923,5248
8363,5250
8364,5250
8365,5250
8366,5250
8367,5250
8368,5250
8369,5250
3136,5251
2229,5254
2230,5254
2231,5254
2232,5254
2233,5254
3548,5285
3549,5285
3550,5285
3551,5285
9523,5295
1653,5304
3542,5305
9691,5307
9692,5307
8115,5308
8817,5311
8818,5311
8819,5311
8820,5311
8821,5311
5178,5317
5179,5317
9504,5318
3426,5319
3785,5324
4001,5324
346,5330
445,5342
4410,5357
4411,5357
1,5360
2,5360
3,5360
7587,5361
7588,5361
9505,5362
3390,5368
3391,5368
3392,5368
3393,5368
9165,5368
2074,5370
2075,5371
2072,5373
2073,5374
2451,5377
2452,5377
2454,5377
2455,5377
7792,5377
8412,5381
8413,5381
8414,5381
8415,5381
8416,5381
8417,5381
8418,5381
1404,5382
1405,5382
8647,5399
8648,5399
8649,5399
8650,5399
8651,5399
8652,5399
8653,5399
1224,5400
1225,5400
2358,5401
2359,5401
758,5404
759,5404
760,5404
2238,5411
4003,5413
4509,5414
9514,5417
9515,5417
9516,5417
3768,5418
3769,5418
3770,5418
171,5419
172,5419
3771,5419
8131,5426
8132,5426
2550,5428
3716,5429
3717,5429
3718,5429
3112,5430
5869,5430
5870,5430
5871,5430
3247,5441
3300,5442
3301,5442
3302,5442
3304,5442
284,5448
3209,5450
5229,5450
5230,5450
5231,5450
8909,5451
2390,5452
2391,5452
7590,5452
10432,5452
9494,5487
2446,5490
1736,5494
1737,5494
1738,5494
3248,5499
118,5506
2053,5508
2054,5508
2055,5508
2056,5508
2057,5508
2058,5508
8234,5512
8136,5513
1850,5523
1851,5523
1852,5523
1853,5523
1854,5523
1855,5523
1858,5523
1859,5523
7505,5523
7506,5523
7507,5523
7508,5523
8916,5523
556,5527
559,5527
560,5527
978,5528
979,5528
980,5528
981,5528
985,5528
7392,5528
8381,5528
8117,5532
360,5534
361,5535
362,5538
7079,5552
7080,5552
1894,5553
1895,5553
2014,5560
2015,5560
2016,5560
487,5569
174,5572
2049,5576
2050,5576
2051,5576
2052,5576
120,5589
2168,5591
2060,5612
1173,5613
2059,5614
372,5615
2169,5616
3043,5619
3044,5619
1787,5623
4965,5627
1832,5629
1833,5629
1834,5629
1835,5629
3641,5630
3780,5635
5628,5635
5629,5635
5630,5635
5631,5635
3781,5636
5624,5636
3783,5644
5625,5644
5626,5644
5627,5644
414,5649
2889,5652
2890,5652
2891,5652
2892,5652
2893,5652
4671,5652
4672,5652
4673,5652
4674,5652
2973,5653
2974,5653
5068,5653
5069,5653
5070,5653
5071,5653
5072,5653
5073,5653
2881,5654
5154,5654
5155,5654
5156,5654
5157,5654
5158,5654
4689,5655
4690,5655
4691,5655
4692,5655
4693,5655
4694,5655
4695,5655
4696,5655
4697,5655
4698,5655
5159,5658
5160,5658
5161,5658
5162,5658
131,5659
132,5660
133,5660
134,5660
142,5661
123,5662
152,5664
153,5664
9603,5668
3253,5672
3254,5672
3255,5672
3256,5672
3257,5672
135,5674
140,5675
141,5675
158,5676
231,5682
243,5683
260,5684
9495,5685
264,5686
1074,5687
265,5688
267,5690
268,5691
1758,5691
1759,5691
269,5692
270,5692
271,5693
272,5693
4668,5694
4669,5694
4670,5694
451,5697
9496,5698
9497,5698
9498,5698
494,5700
9871,5703
9872,5703
9873,5703
9874,5703
9875,5703
9876,5703
9895,5704
9896,5704
9897,5704
9898,5704
9899,5704
9900,5704
9889,5705
9890,5705
9891,5705
9892,5705
9893,5705
9894,5705
9901,5706
9902,5706
9903,5706
9904,5706
9905,5706
9906,5706
9907,5707
9908,5707
9909,5707
9910,5707
9911,5707
9912,5707
9883,5708
9884,5708
9885,5708
9886,5708
9887,5708
9888,5708
9877,5709
9878,5709
9879,5709
9880,5709
9881,5709
9882,5709
676,5710
1909,5717
1910,5717
1094,5718
1156,5719
1157,5719
1166,5720
1167,5720
1168,5720
1169,5720
1170,5720
1174,5721
8419,5726
8420,5726
8421,5726
8422,5726
8423,5726
8424,5726
1427,5731
1428,5731
1429,5731
1430,5731
1431,5731
1432,5731
1433,5731
8394,5733
8395,5733
8396,5733
8397,5733
9379,5735
10479,5737
10480,5737
6374,5738
6375,5738
6376,5738
7360,5738
7361,5738
7362,5738
7363,5738
7364,5738
7365,5738
9164,5739
1757,5748
3650,5752
3651,5752
3652,5752
1849,5755
8832,5756
8833,5756
8834,5756
8835,5756
1893,5758
8787,5759
8788,5759
8789,5759
8790,5759
8791,5759
8792,5759
1938,5761
1939,5761
1955,5762
1948,5763
1956,5766
1957,5768
1981,5774
1985,5775
3055,5778
8055,5782
8056,5782
8057,5782
8058,5782
8059,5782
8060,5782
8061,5782
8062,5782
2188,5784
2282,5785
6179,5785
7275,5785
8164,5789
8165,5789
8166,5789
2469,5792
6515,5794
6516,5794
6517,5794
6518,5794
6519,5794
2586,5795
8453,5798
8454,5798
8455,5798
8456,5798
10462,5798
2672,5801
2673,5801
2696,5802
2751,5807
5102,5807
3159,5818
3160,5818
3205,5819
3206,5819
3207,5819
7877,5819
7878,5819
9621,5822
9622,5822
9623,5822
9624,5822
9625,5822
9626,5822
9627,5822
9628,5822
9629,5822
9630,5822
9631,5822
9632,5822
3366,5828
9455,5831
9456,5831
9457,5831
9458,5831
9459,5831
9460,5831
9461,5831
9462,5832
9463,5832
9464,5832
9465,5832
3543,5833
3616,5836
3767,5843
3772,5844
3782,5848
4163,5858
4361,5862
4362,5862
4363,5862
7052,5862
9506,5864
4373,5865
4374,5866
4387,5867
8843,5874
8844,5874
8845,5874
8846,5874
4824,5880
10397,5882
9507,5888
9508,5888
5181,5909
5182,5909
5183,5909
5207,5928
5210,5938
5211,5938
8130,5943
8917,21861
5233,21862
7807,21862
5268,21865
5362,21867
5363,21867
5364,21867
6520,21867
7696,21868
7697,21868
5632,22036
9378,22044
9377,22045
5683,22049
5684,22049
5685,22049
7576,22049
9321,22050
9322,22050
9323,22050
9324,22050
9325,22050
9326,22050
9327,22050
9328,22050
9329,22050
9330,22050
9331,22050
9332,22050
9333,22050
9334,22050
9335,22050
9336,22050
8625,22056
8626,22056
8627,22056
8141,22057
5783,22058
7252,22058
5784,22059
10436,22060
5898,22062
8925,22067
8926,22067
8927,22067
8928,22067
8929,22067
8930,22067
6107,22070
6108,22070
6109,22070
6110,22070
6111,22070
6112,22070
9480,22071
9481,22071
9482,22071
9483,22071
6130,22076
6131,22076
6137,22077
6138,22078
10899,22079
10900,22079
10901,22079
10902,22079
10903,22079
9114,22080
9115,22080
9116,22080
9117,22080
9118,22080
9119,22080
9120,22080
9121,22080
8048,22084
8049,22084
8050,22084
10550,22084
8305,22087
8306,22087
8307,22087
8308,22087
8309,22087
8310,22087
8311,22087
8312,22087
8313,22087
8314,22087
8315,22087
8316,22087
6345,22089
7235,22089
6346,22090
7236,22090
7237,22090
7238,22090
10399,22090
10400,22090
10401,22090
6354,22091
6355,22091
6356,22091
6357,22091
6358,22091
9094,22092
9095,22092
9096,22092
9097,22092
9098,22092
6379,22094
6380,22095
6381,22095
6382,22095
6410,22097
8892,22101
8893,22101
8894,22101
7625,22106
7626,22106
6526,22107
6527,22107
6529,22107
6530,22107
6532,22109
6570,22110
9720,22110
8146,22118
8145,22120
9925,22122
9926,22122
9927,22122
9928,22122
9929,22122
9930,22122
9931,22122
9932,22122
9933,22122
9952,22123
9953,22123
9954,22123
9955,22123
9956,22123
9957,22123
9958,22123
9959,22123
9960,22123
9943,22124
9944,22124
9945,22124
9946,22124
9947,22124
9948,22124
9949,22124
9950,22124
9951,22124
9961,22125
9962,22125
9963,22125
9964,22125
9965,22125
9966,22125
9967,22125
9968,22125
9969,22125
9913,22126
9914,22126
9918,22126
9919,22126
9920,22126
9921,22126
9922,22126
9923,22126
9924,22126
9934,22127
9935,22127
9936,22127
9937,22127
9938,22127
9939,22127
9940,22127
9941,22127
9942,22127
9970,22128
9971,22128
9972,22128
9973,22128
9974,22128
9975,22128
9976,22128
9977,22128
9978,22128
8661,22130
8662,22130
8663,22130
8664,22130
8665,22130
8666,22130
8667,22130
6691,22131
6692,22131
6693,22131
6758,22140
6760,22140
7240,22143
7241,22143
6911,22148
6910,22151
6908,22153
6909,22153
7627,22153
7628,22153
6907,22154
6906,22155
6903,22156
6904,22156
6905,22156
6902,22158
6901,22159
6900,22160
7802,22163
7803,22163
7804,22163
6788,22165
7619,22165
6786,22166
6787,22166
7620,22166
7035,22167
6894,22172
6892,22173
6893,22173
6891,22176
6890,22177
6774,22178
6775,22179
6879,22183
7683,22183
7684,22183
6877,22184
6878,22184
6875,22185
6876,22185
6874,22186
6872,22187
6873,22187
6871,22188
6868,22189
6869,22189
6870,22189
6866,22190
7774,22190
6784,22191
6865,22193
6896,22194
6897,22194
6864,22195
6863,22196
6862,22197
6861,22198
6858,22199
6859,22199
6860,22199
7654,22200
7655,22200
7656,22200
7657,22200
7658,22200
6857,22201
6895,22202
7034,22204
6785,22205
6856,22207
6855,22208
6854,22209
6842,22210
6851,22212
6850,22215
6839,22218
6838,22221
8915,22221
6837,22222
6836,22223
6835,22224
7668,22224
6832,22226
6833,22226
6834,22226
6830,22228
6831,22228
6828,22229
6827,22230
6824,22232
6825,22232
6821,22235
6822,22235
6823,22235
6819,22244
6818,22245
6817,22249
8222,22249
6816,22250
6814,22251
6815,22251
6813,22253
6811,22256
6812,22256
6810,22257
6809,22258
9590,22262
9591,22262
9592,22262
9593,22262
8999,22263
8987,22264
8988,22265
8989,22265
6806,22266
6805,22267
6804,22268
9028,22270
9029,22270
9030,22270
9031,22270
8990,22271
8991,22272
8992,22272
8993,22272
8903,22273
8904,22273
7036,22274
6796,22275
6795,22276
6793,22277
6794,22277
6792,22278
8814,22279
7039,22280
7040,22280
7041,22281
7043,22281
6797,22283
6798,22283
8994,22283
6912,22284
6913,22288
6914,22288
6915,22288
6916,22289
6917,22290
9043,22290
9044,22290
6918,22291
6919,22296
8986,22297
6920,22298
8086,22299
8087,22299
8088,22299
8997,22300
8998,22300
9040,22301
9041,22301
9042,22301
6925,22302
6926,22302
9036,22303
9037,22303
9038,22303
9039,22303
9099,22304
9100,22304
6931,22306
6932,22307
6933,22308
6934,22309
8210,22309
6935,22310
6937,22313
6938,22314
6939,22315
6940,22316
6941,22317
8905,22317
6942,22318
9008,22319
9009,22319
9010,22319
9012,22320
9014,22320
9015,22320
9035,22321
6950,22324
6951,22325
6952,22326
6953,22327
6954,22328
9032,22329
9033,22329
9034,22329
8980,22331
8981,22331
8979,22332
6958,22333
7661,22333
6998,22334
6997,22335
6996,22336
6995,22337
6994,22338
7638,22338
6991,22339
6992,22339
6993,22339
8895,22340
6990,22341
6968,22344
6969,22344
6960,22345
6961,22345
6989,22346
7000,22349
6970,22352
6987,22353
6988,22354
6971,22355
6972,22355
6973,22355
6974,22355
6975,22356
6976,22356
8577,22357
6977,22358
6978,22359
6985,22361
6999,22362
7001,22364
7002,22366
7003,22367
8951,22369
7004,22370
7005,22371
7624,22371
7006,22372
9826,22373
10367,22374
10368,22374
10369,22374
10370,22374
7009,22375
7010,22375
7011,22376
7012,22377
7013,22378
6780,22379
7281,22379
8995,22380
8996,22380
6984,22381
6979,22382
6980,22382
6981,22382
6982,22382
6983,22382
6778,22383
6779,22383
6777,22386
10342,22386
10343,22386
10344,22386
10345,22386
10346,22386
10347,22386
9750,22388
6776,22389
7014,22392
9023,22393
9024,22394
9025,22394
9026,22395
9027,22395
9021,22396
9022,22396
9020,22397
9019,22398
7024,22399
7025,22399
7026,22399
7027,22401
7028,22402
6772,22407
6771,22409
6770,22410
10362,22413
10363,22413
6767,22414
6768,22415
7653,22417
8922,22417
9524,22418
9525,22424
6781,22425
6782,22425
8945,22425
8946,22425
8947,22425
8948,22425
8949,22425
8950,22425
6783,22426
7136,22428
7180,22430
7181,22430
7808,22438
7243,22443
7244,22443
7245,22443
7246,22443
7247,22443
9003,22454
9004,22454
7282,22456
7441,22471
7477,22472
7478,22472
7480,22476
7509,22481
7517,22483
8506,22485
8507,22485
8508,22485
8509,22485
7544,22488
7545,22489
7546,22490
7547,22494
10767,22494
10768,22494
7548,22495
7549,22497
8107,22500
8108,22500
8109,22500
7550,22501
7558,22502
8181,22504
8113,22507
8139,22508
8235,22510
8233,22514
7659,22521
7660,22521
8858,22522
7662,22523
7663,22523
7664,22523
7665,22523
7666,22523
7667,22523
7670,22525
8223,22529
8224,22529
8225,22529
8226,22529
8227,22529
8228,22529
8229,22529
7776,22541
7778,22542
7781,22544
7784,22546
7785,22546
7786,22547
7787,22547
10036,22547
10037,22547
10033,22548
10034,22548
10035,22548
10046,22549
10047,22549
10048,22549
10049,22549
9860,22552
9861,22552
9862,22552
9863,22552
9864,22552
9865,22552
9866,22552
9867,22552
9868,22552
9869,22552
9870,22552
9594,22553
10330,22553
7794,22557
7795,22557
10336,22558
10334,22559
10335,22559
10319,22560
10320,22560
10321,22560
10322,22560
10323,22560
10324,22560
10325,22560
10326,22560
10327,22560
10310,22561
10311,22561
10312,22561
10313,22561
10314,22561
10315,22561
10316,22561
10317,22561
10318,22561
7796,22564
7797,22564
10297,22565
10298,22565
10299,22565
10300,22565
10301,22565
10302,22565
10303,22565
10304,22565
10305,22565
10306,22565
10307,22565
10308,22565
10309,22565
9595,22566
9596,22566
10289,22567
10290,22567
10291,22567
10292,22567
10293,22567
7799,22568
10280,22569
10281,22569
10282,22569
10283,22569
10284,22569
10285,22569
10286,22569
10287,22569
10288,22569
7805,22575
7806,22576
9509,22578
9510,22579
7809,22580
7810,22580
7811,22580
7812,22580
8096,22582
10277,22582
7813,22583
8097,22584
8095,22585
7814,22586
8099,22587
10278,22587
8114,22595
8171,22596
8172,22596
8173,22596
9511,22597
7916,22605
7917,22606
7952,22607
7953,22607
8052,22615
8151,22620
8152,22621
8201,22622
8202,22622
8203,22623
8211,22624
8212,22624
8213,22624
8214,22624
8230,22625
8231,22625
8425,22681
8426,22681
8427,22681
8428,22682
8429,22682
8430,22683
8431,22683
8432,22683
8488,22691
8489,22691
9597,22700
8490,22701
8491,22701
8492,22701
8493,22701
8494,22701
8495,22701
8497,22702
8498,22702
8499,22702
8500,22702
8501,22703
8502,22704
8503,22704
8504,22704
8567,22709
8568,22709
8569,22710
8570,22710
8571,22710
8578,22714
8579,22715
8580,22716
8587,22719
8588,22719
8589,22719
8590,22719
8591,22720
8592,22722
8654,22724
8655,22724
8656,22724
8657,22724
8658,22726
8659,22726
8660,22726
8668,22734
8669,22735
8670,22736
8671,22737
8672,22738
8673,22738
8674,22739
8675,22740
8676,22740
8677,22740
8678,22740
8679,22741
8680,22742
8681,22743
8682,22744
8683,22745
8684,22745
8729,22748
8730,22748
8731,22748
8732,22748
8733,22749
8734,22749
8841,22751
8842,22752
8859,22753
9502,22754
9512,22755
8860,22760
8861,22760
8862,22760
8863,22760
8864,22760
8865,22760
8866,22760
8867,22760
9599,22762
9600,22762
8896,22764
8910,22765
8912,22766
8913,22766
8914,22766
8985,22768
9513,22770
9063,22772
9064,22772
9065,22772
9166,22773
9423,22779
9633,22784
9915,22785
9916,22785
9917,22785
10294,22786
10295,22786
10296,22786
10328,22787
10329,22787
