technology_id,set_id
7,1
7,2
7,3
2,4
7,4
12,4
117,4
124,4
73,5
74,6
75,7
95,8
96,9
75,17
86,18
95,19
114,19
79,20
2,26
73,27
74,28
75,29
85,30
86,30
91,31
95,32
7,36
7,37
7,39
9,41
112,41
80,43
137,44
90,45
101,46
139,47
120,48
7,49
112,49
7,50
7,51
112,51
7,52
112,52
73,56
74,56
75,56
111,56
79,57
85,58
7,59
7,71
110,76
80,77
85,77
86,77
90,77
100,77
101,77
108,77
110,77
126,77
139,77
108,81
5,83
7,83
8,83
2,84
5,84
6,84
2,85
5,85
6,85
7,86
7,87
8,88
8,89
12,90
73,90
75,90
77,90
79,90
80,90
81,90
83,90
84,90
85,90
86,90
91,90
94,90
95,90
101,90
111,90
112,90
126,90
137,90
138,90
79,98
85,99
96,100
95,101
114,101
73,106
75,106
76,107
9,109
18,109
121,109
124,109
14,118
88,118
111,118
74,119
75,119
79,119
80,119
82,119
83,119
84,119
85,119
86,119
88,119
93,119
94,119
95,119
96,119
99,119
100,119
101,119
111,119
120,119
135,119
137,119
138,119
139,119
79,120
80,120
81,120
82,120
83,120
84,120
85,120
86,120
88,120
91,120
92,120
93,120
94,120
95,120
96,120
98,120
99,120
110,120
111,120
113,120
137,120
2,122
5,122
112,122
83,124
84,125
120,126
139,127
101,128
82,129
80,130
14,131
75,132
80,133
111,134
7,135
9,135
117,135
118,135
7,136
7,137
2,138
7,140
9,140
117,140
118,140
7,141
9,141
117,141
118,141
14,142
4,143
5,143
7,143
8,143
9,143
10,143
18,143
112,143
117,143
80,152
111,153
80,154
82,154
83,154
84,154
85,154
86,154
100,154
107,154
110,154
112,154
7,155
112,155
7,156
112,156
111,158
2,160
7,161
2,164
2,165
2,166
112,166
7,167
7,168
2,171
5,171
6,171
24,171
112,171
2,172
5,172
6,172
24,172
112,172
2,173
7,174
99,174
112,174
109,183
2,184
112,184
7,185
112,185
2,186
112,186
7,187
2,188
7,189
112,189
7,190
112,190
7,191
7,192
7,193
8,193
4,194
5,194
7,194
8,194
9,194
18,194
112,194
117,194
118,194
124,194
4,195
5,195
7,195
8,195
9,195
18,195
112,195
117,195
118,195
124,195
4,198
7,198
8,198
117,198
208,198
8,228
117,228
7,231
73,232
76,235
86,236
79,238
137,239
7,243
117,243
118,243
12,248
73,249
79,250
85,250
74,251
75,252
76,253
86,254
100,255
80,257
110,258
7,260
117,260
118,260
12,261
83,263
2,264
7,264
2,265
7,265
7,267
7,268
7,269
8,269
10,269
9,270
18,270
124,270
7,271
8,271
10,271
9,272
18,272
124,272
2,284
3,284
7,284
8,284
9,284
12,284
112,284
113,284
117,284
125,284
73,285
75,286
74,287
86,289
73,292
74,293
75,294
76,295
85,296
86,297
1,342
2,342
3,342
5,342
6,342
9,342
10,342
12,342
24,342
117,342
119,342
4,343
8,343
9,343
10,343
12,343
18,343
119,343
4,344
7,344
8,344
9,344
4,346
5,346
7,346
8,346
9,346
10,346
14,346
18,346
117,346
118,346
4,347
5,347
7,347
8,347
9,347
10,347
14,347
18,347
117,347
118,347
8,350
117,350
1,351
2,351
3,351
7,351
24,351
7,352
3,356
2,358
4,358
5,358
7,358
8,358
23,358
80,358
110,358
125,358
2,359
3,359
7,359
12,359
14,360
14,361
14,362
7,363
8,363
9,363
18,363
121,363
109,364
7,372
73,374
79,375
95,376
96,377
97,381
12,394
79,395
12,406
85,407
86,409
101,410
82,411
7,414
91,415
1,431
2,431
4,431
7,431
117,431
2,432
4,432
5,432
7,432
8,432
9,432
12,432
118,432
119,432
4,434
5,434
6,434
7,434
8,434
9,434
10,434
13,434
15,434
18,434
117,434
121,434
124,434
137,445
7,447
7,448
7,450
9,451
14,451
87,451
7,458
7,459
7,461
7,468
7,469
109,470
7,471
2,472
4,474
7,474
8,474
9,474
10,474
117,474
118,474
94,475
95,475
109,475
7,476
117,477
2,478
7,484
2,487
7,487
7,488
7,489
7,490
7,491
7,492
7,493
117,493
7,494
7,501
7,502
9,505
2,508
7,521
2,540
7,541
8,545
9,545
13,545
18,545
121,545
5,546
7,546
12,547
73,548
74,549
75,550
76,551
79,552
91,553
12,556
79,559
83,560
8,568
9,568
13,568
18,568
121,568
5,569
7,569
79,579
138,580
83,581
84,582
95,583
100,595
101,596
110,597
126,598
79,628
91,629
95,630
109,631
7,632
7,633
7,634
110,646
12,652
73,653
83,654
91,655
75,656
76,664
83,668
79,669
85,669
86,670
84,676
92,676
95,676
108,676
109,676
111,676
139,676
1,693
3,693
2,694
24,694
12,695
7,696
8,696
9,696
10,696
14,696
121,696
1,697
2,697
3,697
5,697
6,697
7,697
8,697
9,697
10,697
12,697
14,697
18,697
23,697
24,697
117,697
118,697
119,697
121,697
1,698
2,698
3,698
5,698
6,698
7,698
8,698
9,698
10,698
12,698
14,698
18,698
23,698
24,698
117,698
118,698
119,698
121,698
12,699
79,700
94,701
73,703
74,704
75,705
79,706
86,707
137,708
80,709
91,710
96,711
73,712
74,713
75,714
79,715
85,716
86,717
91,718
95,719
96,720
100,721
101,722
73,734
74,735
75,736
100,737
101,738
100,739
101,740
5,743
7,743
5,744
7,744
79,746
83,747
84,748
91,749
96,750
86,751
75,752
73,753
74,754
85,755
101,756
95,757
7,758
7,759
7,760
91,761
84,762
83,763
83,779
83,795
79,804
95,805
84,806
94,807
89,809
83,820
79,821
91,822
86,824
12,825
85,826
96,842
83,845
84,845
79,846
85,846
95,847
96,848
91,849
109,850
83,857
84,857
96,859
95,860
94,861
93,863
74,864
83,865
95,866
120,867
111,868
2,876
3,876
4,876
5,876
6,876
7,876
8,876
12,876
13,876
14,876
15,876
19,876
117,876
119,876
124,876
134,876
207,876
208,876
73,887
109,950
86,964
85,965
12,966
79,967
100,968
12,978
73,979
75,980
79,981
101,985
12,987
85,987
86,987
91,991
233,992
96,993
2,994
94,995
12,1007
85,1008
86,1009
91,1010
79,1011
80,1022
85,1023
86,1023
95,1024
2,1043
2,1044
2,1045
110,1055
126,1056
73,1057
76,1058
74,1059
85,1060
75,1061
137,1062
79,1070
137,1073
7,1074
80,1075
109,1076
8,1080
83,1086
117,1094
118,1094
2,1103
12,1110
85,1111
79,1113
2,1121
24,1121
75,1122
1,1128
2,1128
3,1128
7,1128
8,1128
4,1129
5,1129
7,1129
8,1129
10,1129
117,1129
1,1130
2,1130
3,1130
7,1130
8,1130
9,1130
113,1130
1,1132
2,1132
3,1132
7,1132
8,1132
9,1132
14,1132
78,1132
79,1132
80,1132
81,1132
82,1132
83,1132
84,1132
85,1132
86,1132
88,1132
91,1132
92,1132
93,1132
94,1132
95,1132
96,1132
97,1132
99,1132
111,1132
80,1133
137,1133
2,1134
12,1134
73,1134
75,1134
76,1134
77,1134
79,1134
80,1134
83,1134
84,1134
85,1134
86,1134
91,1134
92,1134
94,1134
95,1134
96,1134
97,1134
99,1134
111,1134
113,1134
117,1134
135,1134
136,1134
138,1134
204,1134
230,1134
85,1156
94,1157
96,1166
94,1167
85,1168
86,1168
82,1169
12,1170
2,1171
111,1171
81,1172
91,1172
95,1172
111,1172
7,1173
7,1174
12,1175
119,1175
1,1176
2,1176
3,1176
4,1176
7,1176
8,1176
9,1176
12,1176
117,1176
118,1176
119,1176
124,1176
79,1181
138,1181
84,1182
95,1183
91,1184
83,1185
4,1186
5,1186
7,1186
8,1186
9,1186
18,1186
117,1186
118,1186
124,1186
4,1187
5,1187
7,1187
8,1187
9,1187
11,1187
18,1187
117,1187
118,1187
124,1187
1,1188
2,1188
3,1188
4,1188
5,1188
6,1188
7,1188
8,1188
9,1188
12,1188
13,1188
18,1188
24,1188
117,1188
118,1188
119,1188
124,1188
80,1199
85,1200
86,1202
86,1224
95,1225
83,1231
79,1232
138,1232
91,1233
94,1234
80,1248
73,1249
75,1249
85,1250
86,1250
79,1251
85,1251
75,1265
80,1265
81,1265
82,1265
86,1265
90,1265
100,1265
101,1265
108,1265
109,1265
110,1265
111,1265
126,1265
128,1265
139,1265
75,1271
80,1271
81,1271
82,1271
86,1271
90,1271
100,1271
101,1271
108,1271
109,1271
110,1271
111,1271
126,1271
128,1271
139,1271
80,1272
93,1272
94,1272
95,1272
109,1272
110,1272
113,1272
85,1278
79,1279
85,1279
79,1280
117,1286
2,1292
7,1292
12,1295
85,1295
86,1295
79,1313
12,1314
85,1314
88,1315
2,1318
79,1318
80,1318
81,1318
83,1318
84,1318
88,1318
91,1318
95,1318
96,1318
98,1318
99,1318
100,1318
101,1318
107,1318
108,1318
110,1318
111,1318
137,1318
138,1318
73,1319
74,1319
75,1319
76,1319
86,1320
85,1321
12,1322
101,1323
79,1324
8,1337
117,1337
118,1337
8,1338
117,1338
118,1338
79,1341
7,1347
8,1347
12,1347
73,1347
74,1347
75,1347
76,1347
77,1347
79,1347
80,1347
82,1347
83,1347
84,1347
85,1347
86,1347
109,1347
117,1347
119,1347
125,1348
85,1362
86,1363
91,1364
79,1377
100,1404
101,1405
79,1409
83,1410
94,1422
95,1423
12,1424
79,1425
85,1426
12,1428
85,1429
86,1430
101,1431
91,1432
82,1433
12,1435
85,1436
79,1437
12,1438
85,1439
79,1440
12,1441
85,1442
245,1443
12,1444
85,1445
79,1446
73,1470
75,1475
79,1476
85,1477
86,1477
94,1478
96,1479
1,1480
2,1480
3,1480
5,1480
6,1480
9,1480
10,1480
12,1480
24,1480
117,1480
119,1480
4,1481
8,1481
9,1481
10,1481
12,1481
119,1481
4,1482
7,1482
8,1482
9,1482
101,1484
83,1519
91,1521
79,1522
73,1524
85,1525
79,1526
91,1527
86,1528
85,1538
86,1538
80,1539
137,1539
80,1540
94,1541
114,1542
86,1543
84,1555
83,1556
85,1557
2,1570
2,1571
3,1572
5,1572
7,1572
3,1573
5,1573
7,1573
8,1574
117,1574
8,1575
117,1575
2,1578
2,1579
3,1580
7,1580
3,1581
7,1581
8,1582
117,1582
8,1583
117,1583
79,1585
100,1586
12,1587
85,1587
101,1600
86,1602
91,1604
86,1606
85,1607
12,1608
73,1609
91,1610
73,1611
91,1612
83,1613
85,1614
83,1619
83,1623
91,1624
80,1641
81,1641
85,1642
73,1643
7,1651
8,1651
117,1651
8,1652
2,1653
2,1654
2,1655
7,1658
2,1659
3,1659
7,1659
7,1662
73,1664
85,1665
86,1665
9,1679
7,1680
79,1683
138,1684
83,1685
138,1689
83,1690
79,1691
138,1692
84,1693
79,1696
138,1697
84,1698
120,1699
80,1700
137,1701
82,1702
100,1703
101,1704
99,1705
7,1723
2,1724
8,1725
12,1726
110,1734
110,1735
80,1736
75,1737
94,1738
95,1738
80,1740
137,1741
82,1742
204,1742
100,1743
101,1743
96,1745
99,1746
111,1747
2,1749
7,1749
12,1749
73,1749
74,1749
75,1749
78,1749
79,1749
80,1749
85,1749
86,1749
94,1749
95,1749
96,1749
110,1749
111,1749
4,1750
5,1750
7,1750
8,1750
9,1750
13,1750
18,1750
19,1750
20,1750
117,1750
118,1750
121,1750
96,1755
113,1757
7,1758
7,1759
7,1760
7,1761
9,1762
7,1766
8,1766
118,1766
82,1767
88,1767
90,1767
100,1767
101,1767
107,1767
110,1767
111,1767
129,1767
8,1768
117,1768
117,1769
2,1774
7,1774
12,1774
118,1774
2,1781
3,1781
7,1781
118,1781
1,1782
2,1782
3,1782
7,1782
8,1782
9,1782
12,1782
23,1782
109,1782
117,1782
118,1782
9,1784
14,1784
18,1784
121,1784
1,1785
2,1785
3,1785
5,1785
6,1785
7,1785
8,1785
9,1785
10,1785
13,1785
14,1785
15,1785
18,1785
113,1785
117,1785
124,1785
109,1786
2,1787
3,1787
5,1787
6,1787
7,1787
8,1787
9,1787
10,1787
14,1787
15,1787
18,1787
113,1787
117,1787
124,1787
125,1787
4,1806
12,1806
85,1806
11,1807
117,1807
4,1808
7,1808
8,1808
14,1808
117,1808
207,1808
5,1817
7,1817
1,1818
2,1818
3,1818
7,1818
8,1818
9,1818
10,1818
19,1818
20,1818
21,1818
24,1818
117,1818
94,1820
99,1821
135,1821
86,1822
2,1823
3,1823
6,1823
7,1823
8,1823
118,1823
2,1832
3,1832
7,1832
8,1832
12,1832
117,1832
2,1833
12,1833
7,1834
3,1835
8,1835
7,1842
9,1842
13,1843
14,1843
18,1843
121,1843
12,1845
2,1846
7,1846
7,1849
7,1850
7,1851
7,1852
7,1853
7,1854
8,1855
117,1855
118,1858
121,1859
85,1880
2,1890
3,1890
5,1890
6,1890
7,1890
5,1891
7,1891
9,1891
13,1892
14,1892
18,1892
121,1892
7,1893
8,1893
7,1894
9,1895
18,1895
118,1895
121,1895
125,1895
136,1899
114,1900
94,1901
7,1903
7,1904
7,1909
7,1910
7,1911
7,1912
7,1913
2,1915
3,1915
6,1915
83,1917
85,1917
86,1917
93,1917
94,1917
95,1917
96,1917
97,1917
99,1917
109,1917
96,1923
7,1925
7,1926
7,1927
83,1928
84,1929
2,1932
3,1932
7,1932
12,1932
3,1933
7,1933
12,1934
7,1935
12,1935
2,1936
2,1937
3,1937
4,1937
7,1937
12,1937
119,1937
7,1938
7,1939
75,1948
80,1948
90,1948
101,1948
125,1948
137,1948
7,1949
7,1950
7,1951
79,1952
83,1953
84,1954
94,1955
95,1955
109,1955
75,1956
80,1957
137,1957
2,1958
12,1959
7,1970
7,1971
7,1972
2,1973
3,1973
5,1973
6,1973
7,1973
24,1973
7,1974
7,1975
7,1976
7,1977
7,1978
7,1979
7,1981
7,1985
4,1989
5,1989
7,1989
4,1990
5,1990
7,1990
7,2003
7,2004
7,2005
7,2006
2,2007
2,2008
2,2009
109,2010
85,2011
79,2012
12,2013
118,2013
7,2014
2,2015
2,2016
7,2016
4,2017
5,2017
7,2017
8,2017
9,2017
10,2017
13,2017
18,2017
19,2017
20,2017
21,2017
117,2017
121,2017
7,2018
7,2019
7,2020
7,2021
7,2022
7,2027
7,2028
2,2029
7,2031
7,2032
7,2035
7,2037
9,2041
9,2042
83,2042
84,2042
117,2043
117,2044
2,2045
3,2045
2,2046
3,2046
12,2047
2,2049
2,2050
12,2051
12,2052
80,2053
81,2053
83,2054
84,2055
126,2056
91,2057
79,2058
7,2059
7,2060
2,2061
2,2062
7,2063
7,2064
4,2065
5,2065
7,2065
8,2065
9,2065
18,2065
117,2065
118,2065
124,2065
2,2071
3,2071
7,2071
8,2071
117,2071
2,2072
79,2072
80,2072
85,2072
86,2072
93,2072
94,2072
95,2072
96,2072
97,2072
108,2072
109,2072
111,2072
137,2072
2,2073
79,2073
80,2073
84,2073
85,2073
86,2073
93,2073
94,2073
95,2073
96,2073
97,2073
108,2073
109,2073
110,2073
111,2073
137,2073
2,2074
4,2074
5,2074
9,2074
12,2074
79,2074
82,2074
83,2074
84,2074
85,2074
86,2074
90,2074
93,2074
94,2074
95,2074
96,2074
97,2074
98,2074
99,2074
107,2074
108,2074
109,2074
2,2075
4,2075
5,2075
9,2075
12,2075
79,2075
82,2075
83,2075
84,2075
85,2075
86,2075
90,2075
93,2075
94,2075
95,2075
96,2075
97,2075
98,2075
99,2075
107,2075
108,2075
109,2075
110,2075
113,2075
2,2076
3,2076
4,2076
5,2076
6,2076
7,2076
12,2076
14,2076
117,2076
124,2076
134,2076
207,2076
85,2083
86,2083
136,2085
7,2086
1,2087
2,2087
3,2087
7,2087
8,2087
12,2087
15,2087
79,2087
85,2087
111,2087
117,2087
124,2087
138,2087
1,2088
3,2088
12,2088
85,2088
111,2088
138,2088
8,2089
117,2089
24,2090
15,2091
124,2091
2,2092
7,2093
8,2093
117,2093
9,2094
14,2094
18,2094
121,2094
7,2095
8,2095
9,2095
117,2095
118,2095
79,2097
12,2098
79,2099
245,2099
85,2100
91,2102
95,2104
233,2104
85,2105
7,2106
8,2106
9,2106
117,2106
118,2106
7,2107
8,2107
9,2107
117,2107
118,2107
109,2108
113,2108
109,2109
113,2109
7,2110
8,2110
9,2110
117,2110
118,2110
7,2111
8,2111
9,2111
117,2111
118,2111
7,2112
8,2112
9,2112
117,2112
118,2112
7,2113
8,2113
9,2113
117,2113
118,2113
7,2114
109,2122
113,2122
75,2124
80,2124
81,2124
82,2124
85,2124
86,2124
94,2124
100,2124
101,2124
107,2124
110,2124
111,2124
137,2124
7,2131
7,2132
7,2134
7,2135
75,2136
80,2137
85,2138
86,2138
80,2141
91,2141
93,2141
94,2141
95,2141
96,2141
109,2141
94,2142
95,2142
96,2142
97,2142
109,2143
7,2144
79,2152
85,2153
86,2154
109,2155
138,2157
79,2158
83,2159
91,2161
109,2162
110,2162
7,2168
7,2169
7,2170
5,2172
7,2172
8,2172
10,2172
117,2172
79,2173
80,2173
83,2173
86,2173
88,2173
89,2173
92,2173
93,2173
94,2173
95,2173
96,2173
101,2173
109,2173
110,2173
2,2174
7,2174
2,2176
9,2177
5,2179
7,2179
8,2179
9,2179
10,2179
18,2179
80,2180
86,2182
79,2183
85,2184
136,2185
7,2186
91,2187
12,2188
80,2189
111,2189
137,2189
79,2190
83,2191
120,2198
84,2199
86,2200
91,2201
74,2202
76,2203
86,2204
79,2205
85,2205
80,2206
137,2206
96,2208
95,2209
94,2212
12,2214
93,2215
94,2215
95,2215
109,2215
110,2215
113,2215
7,2216
73,2216
74,2216
75,2216
79,2216
85,2216
86,2216
93,2216
94,2216
95,2216
96,2216
101,2216
109,2216
110,2216
113,2216
125,2216
85,2224
86,2224
94,2224
95,2224
96,2224
97,2224
111,2224
95,2228
85,2229
86,2230
94,2231
95,2232
96,2233
94,2235
96,2235
97,2235
95,2236
97,2237
95,2238
96,2238
110,2238
7,2251
7,2252
83,2260
84,2261
91,2262
79,2263
95,2264
79,2265
95,2266
89,2267
120,2268
91,2269
138,2270
7,2271
79,2278
83,2279
79,2282
79,2283
85,2284
86,2285
86,2286
80,2287
81,2288
110,2289
12,2293
85,2293
79,2294
110,2295
80,2296
85,2296
86,2296
88,2296
94,2296
96,2296
109,2296
136,2296
7,2297
7,2298
7,2304
85,2305
85,2306
120,2307
1,2313
2,2313
3,2313
7,2313
8,2313
23,2313
24,2313
117,2313
1,2314
2,2314
3,2314
5,2314
6,2314
7,2314
8,2314
23,2314
24,2314
117,2314
8,2315
9,2315
18,2315
1,2316
2,2316
3,2316
5,2316
6,2316
7,2316
8,2316
23,2316
24,2316
117,2316
8,2317
9,2317
18,2317
79,2318
75,2319
76,2320
73,2321
91,2322
85,2325
12,2327
80,2336
80,2339
81,2339
137,2339
110,2340
7,2341
2,2347
79,2347
85,2349
2,2350
2,2351
14,2357
15,2357
7,2358
8,2358
117,2358
2,2359
7,2361
8,2361
9,2361
18,2361
121,2361
7,2362
8,2362
9,2362
18,2362
7,2363
8,2363
117,2363
2,2365
7,2366
8,2366
9,2366
18,2366
121,2366
7,2367
8,2367
9,2367
18,2367
121,2367
2,2368
7,2369
8,2369
9,2369
18,2369
121,2369
7,2370
8,2370
9,2370
18,2370
121,2370
4,2371
7,2371
8,2371
9,2371
18,2371
19,2371
20,2371
117,2371
118,2371
82,2373
83,2373
84,2373
85,2373
86,2373
92,2373
96,2373
99,2373
100,2373
101,2373
109,2373
110,2373
111,2373
135,2373
80,2374
81,2374
137,2374
80,2376
83,2376
84,2376
85,2376
86,2376
92,2376
96,2376
99,2376
100,2376
101,2376
109,2376
110,2376
111,2376
82,2377
137,2377
7,2378
8,2378
117,2378
118,2378
86,2379
5,2381
7,2381
121,2381
8,2382
117,2382
5,2383
7,2383
8,2383
117,2383
121,2383
7,2393
7,2394
2,2395
3,2395
12,2396
2,2399
2,2400
2,2401
2,2402
2,2403
2,2408
2,2409
2,2410
12,2411
85,2412
100,2413
79,2414
86,2415
136,2416
2,2429
4,2430
5,2430
7,2430
8,2430
9,2430
10,2430
14,2430
19,2430
20,2430
117,2430
79,2431
86,2432
94,2433
80,2434
95,2435
79,2436
86,2437
94,2438
95,2439
80,2440
78,2446
79,2446
85,2446
86,2446
94,2446
95,2446
96,2446
109,2446
111,2446
136,2446
2,2447
24,2447
2,2448
7,2449
2,2451
7,2452
8,2454
117,2454
118,2455
109,2456
110,2456
2,2457
4,2458
5,2458
7,2458
8,2458
10,2458
15,2458
18,2458
117,2458
121,2458
124,2458
4,2459
5,2459
7,2459
8,2459
10,2459
15,2459
18,2459
117,2459
121,2459
124,2459
7,2460
2,2461
7,2462
8,2462
117,2462
7,2463
8,2463
117,2463
2,2464
79,2469
8,2470
7,2471
9,2472
7,2473
5,2475
7,2475
8,2475
9,2475
10,2475
13,2475
18,2475
19,2475
20,2475
21,2475
117,2475
121,2475
7,2476
2,2477
12,2478
7,2479
2,2480
12,2481
8,2482
117,2482
2,2483
79,2485
138,2486
83,2487
84,2488
91,2489
2,2502
7,2503
12,2504
2,2505
2,2506
5,2506
12,2506
78,2506
79,2506
80,2506
81,2506
82,2506
83,2506
84,2506
85,2506
86,2506
89,2506
91,2506
93,2506
94,2506
95,2506
96,2506
98,2506
99,2506
111,2506
113,2506
120,2506
137,2506
138,2506
139,2506
95,2510
2,2511
12,2512
2,2521
3,2521
4,2521
7,2521
8,2521
12,2521
110,2521
111,2521
117,2521
2,2542
7,2544
7,2547
7,2548
2,2550
2,2551
2,2552
2,2553
2,2555
3,2555
6,2555
24,2557
12,2564
79,2565
85,2566
7,2568
7,2569
7,2570
109,2573
96,2583
80,2584
95,2585
79,2586
7,2587
7,2588
7,2589
75,2602
80,2602
81,2602
86,2602
95,2602
100,2602
101,2602
109,2602
120,2602
137,2602
139,2602
9,2603
126,2625
12,2636
85,2636
94,2636
85,2642
91,2642
95,2642
110,2642
204,2642
80,2643
137,2643
89,2648
92,2649
95,2650
93,2663
95,2663
96,2663
97,2663
114,2663
94,2665
80,2672
81,2672
137,2672
80,2673
81,2673
137,2673
109,2695
80,2696
81,2696
137,2696
108,2713
83,2714
84,2715
83,2716
86,2716
85,2717
100,2718
85,2720
79,2725
80,2725
83,2725
110,2725
120,2725
139,2725
2,2726
3,2726
6,2726
7,2726
8,2726
9,2726
18,2726
24,2726
117,2726
121,2726
12,2728
73,2728
74,2728
75,2728
76,2728
78,2728
79,2728
80,2728
81,2728
82,2728
83,2728
84,2728
85,2728
86,2728
88,2728
92,2728
95,2728
101,2728
110,2728
111,2728
126,2728
137,2728
138,2728
109,2733
110,2733
113,2733
110,2734
93,2751
95,2751
109,2751
80,2752
91,2752
93,2752
94,2752
95,2752
96,2752
97,2752
109,2752
93,2758
94,2758
95,2758
9,2759
121,2759
91,2767
86,2768
76,2769
73,2770
75,2771
114,2772
96,2773
2,2774
3,2774
5,2774
6,2774
7,2774
8,2774
9,2774
18,2774
24,2774
121,2774
74,2782
75,2782
78,2782
80,2782
81,2782
82,2782
83,2782
84,2782
85,2782
86,2782
88,2782
89,2782
90,2782
91,2782
92,2782
101,2782
107,2782
109,2782
110,2782
111,2782
120,2782
126,2782
128,2782
129,2782
139,2782
113,2784
74,2786
78,2786
79,2786
80,2786
81,2786
82,2786
83,2786
84,2786
85,2786
86,2786
88,2786
89,2786
90,2786
91,2786
92,2786
93,2786
94,2786
95,2786
96,2786
101,2786
107,2786
108,2786
109,2786
110,2786
111,2786
120,2786
126,2786
139,2786
94,2787
95,2788
96,2790
110,2799
83,2825
84,2826
94,2827
1,2831
4,2831
5,2831
7,2831
8,2831
9,2831
14,2831
78,2831
80,2831
81,2831
82,2831
83,2831
84,2831
85,2831
86,2831
88,2831
92,2831
93,2831
94,2831
95,2831
96,2831
109,2831
117,2831
125,2831
79,2832
84,2833
94,2834
95,2834
96,2835
138,2836
79,2837
7,2838
8,2838
18,2838
117,2838
101,2839
100,2840
7,2841
7,2842
2,2843
3,2843
4,2843
5,2843
6,2843
7,2843
8,2843
9,2843
10,2843
15,2843
117,2843
124,2843
79,2844
138,2844
83,2845
84,2846
91,2847
120,2848
79,2854
109,2856
110,2856
85,2858
95,2860
86,2861
2,2877
79,2878
91,2881
91,2889
82,2890
95,2891
78,2892
101,2893
113,2932
12,2967
12,2969
86,2970
91,2973
95,2974
114,2974
2,2978
4,2978
5,2978
7,2978
8,2978
9,2978
12,2978
13,2978
18,2978
121,2978
79,2981
79,2982
85,2983
75,2984
73,2985
2,2986
79,2987
83,2988
109,2992
86,3010
79,3011
7,3014
9,3043
9,3044
99,3046
7,3055
110,3056
111,3056
113,3056
91,3057
83,3059
84,3060
109,3063
83,3077
79,3079
86,3092
95,3095
109,3112
80,3113
81,3113
110,3113
111,3113
139,3113
110,3114
7,3115
7,3116
79,3136
91,3136
12,3138
85,3139
83,3140
138,3141
79,3142
2,3147
95,3148
94,3149
80,3151
85,3152
86,3152
7,3159
2,3160
73,3166
83,3169
86,3171
85,3172
74,3173
85,3174
86,3174
95,3175
2,3176
79,3176
96,3177
138,3205
79,3206
83,3207
91,3209
79,3228
75,3229
73,3230
74,3231
96,3232
85,3233
78,3234
83,3235
84,3236
138,3237
95,3238
94,3239
95,3239
83,3240
84,3241
91,3242
138,3243
109,3247
117,3253
8,3254
7,3255
7,3256
9,3257
79,3258
85,3259
138,3261
83,3273
84,3274
91,3275
83,3296
84,3296
95,3297
95,3300
9,3301
85,3302
12,3304
83,3321
91,3351
110,3366
83,3375
138,3376
79,3377
91,3378
79,3390
83,3391
84,3391
109,3392
110,3392
91,3393
80,3407
81,3408
101,3409
12,3410
100,3411
73,3422
74,3423
86,3424
75,3425
78,3426
94,3426
95,3426
109,3445
110,3445
80,3456
81,3457
80,3473
81,3473
137,3473
91,3474
85,3476
12,3477
95,3478
95,3486
85,3509
12,3511
88,3512
79,3514
86,3532
83,3533
79,3534
138,3535
84,3536
89,3537
73,3538
95,3539
74,3540
89,3541
4,3543
5,3543
7,3543
8,3543
9,3543
10,3543
18,3543
121,3543
12,3544
85,3544
86,3544
85,3545
75,3546
73,3547
85,3548
12,3549
75,3550
73,3551
80,3586
86,3586
99,3586
109,3586
111,3586
2,3587
83,3589
94,3601
95,3601
85,3610
14,3616
87,3616
80,3617
81,3617
137,3617
79,3621
85,3622
73,3623
74,3624
95,3625
80,3626
137,3626
86,3627
75,3628
100,3629
101,3630
79,3633
7,3641
7,3650
7,3651
121,3652
83,3658
84,3659
120,3660
1,3661
2,3661
3,3661
7,3661
8,3661
12,3661
117,3661
7,3662
79,3663
80,3663
83,3663
84,3663
85,3663
86,3663
95,3663
96,3663
97,3663
95,3664
79,3665
85,3665
86,3665
96,3665
97,3665
80,3667
81,3668
80,3669
81,3669
137,3669
80,3672
81,3672
137,3672
86,3673
110,3674
83,3675
84,3676
127,3679
73,3681
75,3682
79,3684
86,3685
85,3686
76,3687
83,3688
138,3689
79,3690
79,3691
85,3692
12,3695
86,3696
85,3697
73,3698
74,3698
75,3698
76,3698
77,3698
91,3698
83,3702
91,3703
79,3716
85,3717
86,3717
109,3718
79,3767
83,3767
85,3767
91,3767
93,3767
96,3767
97,3767
138,3767
7,3768
7,3769
7,3770
2,3771
5,3771
6,3771
24,3771
78,3772
93,3772
94,3772
95,3772
96,3772
97,3772
9,3779
85,3780
12,3781
109,3782
9,3783
79,3785
75,3791
75,3797
100,3823
86,3824
80,3841
12,3843
85,3844
73,3859
138,3860
79,3861
83,3862
75,3879
74,3880
96,3883
77,3884
136,3885
91,3887
108,3894
77,3898
75,3901
91,3903
233,3904
237,3904
136,3905
83,3928
79,3934
138,3935
91,3936
75,3938
73,3939
74,3940
137,3941
96,3942
95,3943
85,3944
12,3945
79,3946
75,3947
73,3948
74,3949
79,3950
85,3951
137,3952
77,3953
86,3954
85,3955
101,3956
94,3957
12,3967
12,3972
79,3974
83,3975
86,3975
80,3976
85,3977
77,3980
79,3981
86,3982
85,3983
136,3985
96,3987
95,3988
73,4001
80,4002
81,4002
12,4003
85,4003
83,4036
138,4037
79,4038
95,4040
114,4040
79,4050
85,4050
95,4057
114,4057
96,4058
85,4059
94,4060
85,4071
86,4071
2,4072
91,4079
94,4080
73,4084
79,4085
95,4088
91,4089
95,4147
85,4148
84,4149
79,4150
95,4151
85,4152
84,4153
79,4154
7,4163
109,4164
86,4165
85,4166
82,4167
100,4168
101,4168
110,4169
75,4176
73,4177
86,4178
74,4179
79,4180
92,4183
205,4183
96,4184
80,4239
81,4239
86,4239
90,4239
92,4239
100,4239
101,4239
107,4239
110,4239
111,4239
139,4239
77,4242
80,4242
81,4242
82,4242
85,4242
86,4242
90,4242
92,4242
100,4242
101,4242
107,4242
110,4242
111,4242
139,4242
110,4245
7,4247
83,4249
84,4250
91,4251
79,4252
89,4254
85,4264
109,4265
73,4274
243,4274
95,4278
96,4279
97,4280
120,4287
127,4287
138,4288
80,4300
81,4301
101,4302
86,4308
85,4309
12,4310
109,4317
79,4343
85,4343
120,4344
110,4345
110,4346
75,4348
73,4349
74,4349
7,4356
117,4357
7,4358
7,4359
7,4360
85,4361
12,4362
86,4363
4,4373
7,4373
8,4373
9,4373
19,4373
20,4373
118,4373
4,4374
7,4374
8,4374
9,4374
19,4374
20,4374
118,4374
121,4374
7,4387
76,4388
75,4390
83,4391
100,4391
12,4392
136,4393
78,4394
128,4395
126,4396
110,4397
110,4398
9,4410
9,4411
79,4427
109,4428
73,4429
79,4431
96,4432
85,4433
85,4441
94,4444
95,4444
2,4447
81,4450
100,4451
74,4452
139,4453
91,4454
84,4455
83,4456
86,4457
109,4475
91,4483
85,4484
86,4484
79,4490
84,4491
120,4492
83,4493
109,4509
96,4510
79,4511
86,4514
95,4515
1,4536
2,4536
3,4536
5,4536
6,4536
7,4536
1,4538
2,4538
3,4538
5,4538
6,4538
7,4538
111,4539
12,4542
85,4543
73,4544
79,4545
85,4546
94,4547
95,4548
109,4565
109,4578
114,4579
96,4580
97,4582
85,4583
121,4584
137,4599
79,4600
91,4601
85,4602
94,4603
114,4604
111,4605
108,4606
101,4607
75,4608
79,4609
84,4610
128,4611
78,4612
95,4612
114,4612
120,4613
127,4613
139,4614
80,4615
137,4615
73,4647
75,4649
76,4650
79,4652
136,4653
86,4655
85,4656
92,4657
82,4658
7,4667
83,4668
84,4668
9,4669
85,4670
80,4671
81,4672
79,4673
120,4674
80,4689
85,4690
93,4691
91,4692
94,4693
95,4694
75,4695
97,4696
136,4697
74,4698
83,4699
80,4705
83,4707
91,4708
79,4712
83,4713
91,4715
95,4718
138,4720
91,4724
81,4726
137,4727
127,4730
74,4731
100,4735
90,4737
15,4789
124,4789
9,4790
85,4804
83,4805
73,4807
95,4810
79,4811
73,4812
136,4813
109,4814
109,4815
80,4816
92,4817
110,4818
75,4824
94,4825
96,4826
91,4827
94,4861
95,4862
114,4862
80,4863
110,4864
109,4866
81,4868
82,4869
85,4870
12,4871
86,4872
100,4874
90,4875
139,4876
129,4879
73,4880
79,4882
126,4883
109,4884
109,4893
110,4893
84,4894
79,4895
83,4896
100,4897
78,4898
111,4899
92,4900
89,4901
83,4902
138,4903
79,4904
94,4905
95,4905
91,4909
85,4926
95,4950
93,4951
94,4951
86,4954
12,4955
91,4957
83,4958
100,4959
138,4960
79,4961
75,4962
73,4964
7,4965
79,4965
94,4965
96,4965
109,4965
113,4965
204,4965
231,4965
2,4967
138,4968
111,4969
86,4970
2,4971
80,4972
137,4972
79,4973
86,4974
111,4975
79,5037
85,5038
80,5039
97,5040
94,5042
80,5055
86,5056
85,5057
12,5058
82,5059
73,5060
75,5061
139,5062
79,5063
91,5064
126,5065
101,5066
120,5067
120,5068
127,5068
79,5069
88,5070
78,5071
114,5071
94,5072
74,5073
110,5074
110,5075
110,5078
110,5079
7,5085
2,5086
85,5102
109,5102
2,5113
7,5130
2,5131
12,5132
91,5134
137,5141
78,5146
79,5146
80,5146
81,5146
82,5146
83,5146
84,5146
85,5146
86,5146
88,5146
91,5146
93,5146
94,5146
95,5146
96,5146
97,5146
111,5146
137,5146
73,5147
79,5148
84,5149
83,5150
80,5151
137,5151
136,5152
78,5153
80,5153
81,5153
88,5153
91,5153
93,5153
95,5153
96,5153
97,5153
110,5153
111,5153
74,5154
93,5155
94,5156
86,5157
95,5158
75,5159
95,5160
114,5160
96,5161
85,5162
100,5168
12,5169
80,5178
137,5179
7,5181
7,5182
7,5183
83,5200
91,5201
93,5202
95,5204
84,5206
79,5207
83,5207
84,5207
85,5207
86,5207
94,5207
81,5210
80,5211
110,5219
12,5220
101,5221
204,5222
86,5223
204,5223
101,5229
135,5230
110,5231
110,5232
7,5233
91,5249
80,5251
91,5254
7,5268
7,5270
2,5278
136,5288
91,5359
83,5362
79,5363
91,5364
109,5365
80,5366
110,5368
85,5408
80,5409
81,5410
101,5527
92,5529
83,5534
84,5534
76,5535
83,5536
85,5537
79,5538
136,5539
75,5540
91,5541
2,5542
109,5560
12,5561
12,5562
85,5563
86,5564
91,5565
78,5566
83,5567
126,5568
101,5569
100,5570
120,5571
110,5572
75,5573
139,5574
137,5575
80,5576
138,5577
100,5578
94,5579
114,5580
80,5581
81,5582
137,5583
136,5584
114,5585
85,5588
136,5589
73,5590
79,5593
85,5593
138,5613
101,5614
83,5622
12,5624
9,5625
9,5626
9,5627
85,5628
85,5629
85,5630
85,5631
9,5632
2,5635
3,5635
12,5677
85,5678
79,5683
12,5684
85,5685
204,5698
230,5700
79,5703
91,5706
79,5707
136,5708
86,5709
79,5723
8,5736
117,5736
79,5768
83,5769
91,5770
84,5771
85,5776
79,5777
75,5778
91,5779
79,5781
80,5783
137,5783
79,5784
79,5821
79,5843
136,5846
80,5847
2,5848
86,5849
95,5851
96,5852
93,5853
91,5856
79,5857
85,5869
86,5870
79,5871
85,5874
75,5875
73,5876
76,5877
136,5878
79,5879
91,5880
91,5884
73,5885
80,5898
137,5898
80,5899
91,5915
245,5921
85,5922
79,5923
85,5923
76,5936
86,5940
100,5943
100,5944
95,5974
87,5985
91,5999
136,6019
91,6028
85,6029
96,6032
83,6034
84,6035
79,6037
76,6039
245,6040
91,6041
12,6042
73,6043
74,6044
75,6045
79,6046
85,6047
111,6048
230,6048
85,6056
86,6057
91,6058
95,6059
114,6059
138,6061
73,6065
79,6066
96,6067
114,6068
111,6069
2,6072
91,6081
80,6082
137,6083
128,6084
91,6085
91,6089
82,6104
91,6105
75,6106
110,6107
85,6108
80,6109
86,6110
91,6111
126,6112
110,6125
101,6126
207,6130
207,6131
207,6137
207,6138
79,6178
91,6179
109,6183
85,6186
94,6187
95,6187
85,6188
109,6191
75,6212
81,6213
126,6214
101,6215
79,6216
91,6217
100,6218
90,6219
73,6220
12,6221
83,6222
97,6223
79,6224
94,6225
95,6225
91,6226
12,6227
79,6228
91,6229
201,6235
136,6236
137,6237
110,6238
94,6239
95,6240
91,6241
110,6242
7,6243
137,6248
75,6251
12,6259
120,6278
95,6279
101,6280
110,6281
80,6282
12,6300
83,6301
84,6301
100,6302
90,6303
74,6304
92,6305
96,6306
110,6307
100,6320
7,6345
7,6346
91,6351
83,6354
84,6355
91,6356
79,6357
138,6358
85,6374
12,6375
79,6376
79,6377
138,6378
12,6379
85,6379
83,6380
85,6381
79,6382
138,6382
207,6410
96,6415
85,6434
12,6435
85,6436
96,6464
97,6465
114,6466
12,6467
85,6468
91,6470
138,6471
79,6472
83,6473
84,6474
96,6475
2,6476
95,6481
79,6500
83,6501
84,6502
91,6503
127,6504
89,6505
126,6515
127,6516
85,6517
86,6517
82,6518
110,6519
138,6520
85,6526
79,6527
85,6529
79,6530
7,6532
7,6570
83,6598
84,6599
138,6602
91,6603
2,6604
24,6604
2,6605
24,6605
83,6606
96,6607
101,6608
79,6614
91,6615
74,6616
100,6617
101,6618
110,6619
91,6620
91,6621
136,6623
85,6633
91,6660
85,6661
12,6662
91,6664
79,6673
109,6691
73,6692
75,6693
12,6702
83,6703
91,6704
2,6710
82,6742
136,6743
101,6744
96,6747
97,6747
110,6748
109,6749
91,6750
92,6751
80,6752
245,6753
96,6754
79,6756
101,6757
79,6758
91,6760
207,6761
230,6767
228,6768
230,6770
232,6770
232,6771
228,6772
230,6774
231,6774
230,6775
231,6775
231,6776
230,6777
231,6777
232,6777
230,6778
231,6778
230,6779
221,6780
230,6780
221,6781
224,6781
225,6782
7,6783
225,6784
226,6784
228,6784
229,6784
225,6785
226,6785
230,6786
230,6787
223,6788
230,6792
230,6793
230,6794
230,6795
231,6795
230,6796
228,6797
230,6798
230,6804
230,6805
230,6806
221,6809
225,6809
228,6810
229,6810
230,6810
231,6810
221,6811
225,6811
226,6811
230,6812
231,6812
221,6813
229,6813
230,6813
231,6813
221,6814
223,6815
230,6816
231,6816
221,6817
223,6817
230,6818
231,6818
221,6819
225,6819
226,6819
227,6819
231,6821
231,6822
230,6823
221,6824
221,6825
230,6827
231,6828
227,6830
227,6831
225,6832
226,6832
228,6833
229,6834
221,6835
223,6835
228,6836
222,6837
222,6838
230,6839
231,6839
232,6839
230,6842
231,6842
221,6850
222,6850
223,6850
225,6850
226,6850
227,6850
228,6850
229,6850
230,6850
231,6850
232,6850
230,6851
231,6851
230,6854
221,6855
231,6856
221,6857
223,6857
230,6858
231,6858
230,6859
231,6859
230,6860
231,6860
221,6861
225,6861
226,6861
229,6861
221,6862
225,6862
226,6862
228,6862
229,6862
229,6863
231,6864
231,6865
221,6866
231,6868
231,6869
231,6870
230,6871
230,6872
230,6873
230,6874
221,6875
223,6876
230,6877
231,6877
230,6878
231,6878
225,6879
227,6890
228,6890
229,6890
230,6890
231,6890
225,6891
226,6891
221,6892
225,6892
226,6892
230,6893
221,6894
225,6894
226,6894
222,6895
221,6896
223,6897
231,6900
221,6901
230,6902
221,6903
223,6903
225,6904
226,6905
225,6906
226,6906
229,6906
229,6907
223,6908
221,6909
230,6910
231,6910
225,6911
226,6911
231,6912
221,6913
221,6914
230,6915
230,6916
230,6917
221,6918
221,6919
223,6919
230,6920
221,6925
230,6926
221,6931
230,6931
221,6932
230,6933
230,6934
230,6935
230,6937
230,6938
221,6939
223,6939
230,6940
230,6941
230,6942
230,6950
232,6951
230,6952
230,6953
231,6953
232,6953
230,6954
230,6958
221,6960
223,6961
230,6968
230,6969
221,6970
223,6970
230,6971
232,6972
230,6973
231,6974
230,6975
230,6976
230,6977
230,6978
230,6979
231,6980
230,6981
230,6982
228,6983
230,6984
230,6985
227,6987
227,6988
227,6989
230,6990
231,6990
230,6991
231,6992
230,6993
231,6993
230,6994
230,6995
230,6996
230,6997
230,6998
230,6999
230,7000
230,7001
230,7002
230,7003
231,7003
230,7004
230,7005
221,7006
223,7006
230,7009
230,7010
223,7011
223,7012
230,7013
230,7014
230,7024
231,7025
230,7026
230,7027
230,7028
225,7034
222,7035
230,7035
231,7035
230,7036
230,7039
230,7040
230,7041
231,7043
80,7047
230,7048
91,7051
91,7052
79,7054
95,7055
97,7056
2,7060
3,7060
7,7061
79,7062
96,7063
114,7064
80,7072
91,7073
108,7074
7,7079
79,7079
7,7080
79,7080
91,7081
109,7083
230,7084
91,7085
95,7086
94,7087
136,7088
76,7089
73,7090
95,7091
91,7092
2,7093
7,7094
80,7099
137,7099
7,7100
75,7101
74,7102
79,7102
84,7102
85,7102
93,7102
94,7102
96,7102
111,7102
75,7103
120,7103
7,7104
8,7104
75,7105
7,7106
8,7106
85,7107
86,7108
86,7109
94,7110
94,7111
109,7112
113,7112
79,7113
138,7114
120,7115
80,7118
137,7118
204,7119
75,7120
139,7120
99,7121
135,7121
110,7122
111,7122
91,7123
7,7124
7,7125
221,7126
79,7132
85,7132
85,7133
86,7134
91,7135
230,7136
96,7137
95,7138
114,7138
85,7139
94,7140
79,7141
73,7142
120,7143
108,7148
80,7149
81,7149
137,7149
135,7150
95,7151
73,7152
77,7153
96,7165
91,7167
138,7168
79,7180
85,7180
230,7181
73,7183
12,7184
85,7185
79,7186
94,7187
96,7188
109,7189
73,7206
91,7207
236,7208
230,7209
91,7215
230,7216
79,7217
85,7219
12,7220
80,7222
137,7222
12,7230
12,7233
7,7234
7,7235
7,7236
7,7237
7,7238
7,7240
7,7241
96,7242
73,7243
75,7244
76,7245
79,7246
136,7247
86,7249
85,7250
96,7251
97,7251
81,7252
85,7253
86,7253
230,7254
79,7257
138,7257
2,7258
83,7259
93,7260
94,7260
95,7260
111,7260
79,7261
83,7261
138,7261
79,7262
138,7262
137,7263
91,7264
80,7265
137,7265
85,7274
83,7275
225,7281
230,7281
232,7282
94,7283
85,7284
86,7284
135,7288
96,7289
100,7290
79,7291
101,7292
80,7293
81,7293
137,7293
128,7294
95,7295
77,7296
135,7297
85,7299
86,7299
94,7300
91,7301
80,7302
137,7302
95,7304
96,7305
96,7306
80,7307
81,7307
137,7307
79,7308
79,7310
85,7310
96,7312
96,7313
97,7313
12,7329
73,7330
76,7330
79,7331
137,7332
86,7333
85,7334
91,7335
230,7336
91,7337
230,7353
138,7360
86,7361
83,7362
84,7363
91,7364
114,7365
97,7367
73,7368
95,7369
96,7370
97,7371
79,7386
91,7387
110,7388
79,7389
120,7392
110,7395
84,7401
85,7402
73,7404
75,7405
85,7406
91,7407
230,7408
96,7409
91,7429
245,7432
73,7433
96,7441
96,7442
91,7446
79,7448
86,7463
85,7464
12,7465
79,7466
85,7467
79,7468
86,7469
95,7470
73,7471
75,7472
136,7473
96,7474
7,7477
2,7478
3,7478
5,7478
6,7478
221,7480
79,7495
91,7496
80,7497
137,7497
230,7499
7,7505
7,7506
7,7507
7,7508
230,7509
91,7517
84,7528
91,7529
79,7530
12,7531
85,7533
86,7534
91,7535
230,7536
207,7543
7,7544
207,7545
207,7546
7,7547
7,7548
7,7549
207,7550
9,7558
83,7558
84,7558
95,7564
230,7565
12,7566
92,7567
230,7568
230,7572
2,7574
3,7574
91,7576
85,7577
96,7578
7,7585
11,7586
2,7587
7,7587
207,7588
110,7589
7,7591
7,7592
91,7593
79,7594
11,7600
114,7601
86,7602
85,7603
204,7604
223,7605
221,7606
230,7607
79,7610
230,7611
7,7612
101,7615
85,7616
221,7619
230,7620
2,7623
231,7624
79,7625
85,7625
79,7626
85,7626
221,7627
223,7628
7,7629
86,7630
85,7631
83,7632
78,7633
95,7633
114,7633
91,7634
79,7635
96,7636
230,7637
231,7638
73,7643
75,7644
85,7645
86,7647
91,7648
114,7649
78,7650
74,7651
7,7652
7,7653
230,7654
230,7655
232,7655
231,7656
232,7656
231,7657
221,7658
231,7659
230,7660
230,7661
230,7662
230,7663
232,7663
230,7664
230,7665
232,7665
231,7666
231,7667
232,7667
221,7668
223,7668
230,7670
91,7671
83,7678
84,7679
91,7681
94,7682
226,7683
221,7684
109,7685
86,7686
79,7687
85,7687
114,7688
84,7689
80,7691
85,7691
86,7691
93,7691
94,7691
95,7691
96,7691
110,7691
111,7691
79,7692
85,7693
91,7694
86,7695
84,7696
120,7697
85,7698
86,7698
12,7699
79,7700
85,7701
86,7702
91,7703
114,7704
101,7705
204,7705
79,7706
85,7708
12,7709
91,7710
230,7711
85,7713
12,7714
85,7715
79,7716
12,7717
91,7719
12,7720
85,7721
79,7734
85,7735
91,7736
12,7737
230,7738
12,7739
85,7740
79,7742
230,7744
91,7745
79,7746
12,7747
86,7748
85,7749
230,7769
230,7770
136,7771
230,7772
221,7773
223,7773
221,7774
4,7776
7,7776
8,7776
9,7776
10,7776
11,7776
19,7776
20,7776
117,7776
4,7778
7,7778
8,7778
9,7778
10,7778
11,7778
19,7778
20,7778
117,7778
221,7781
85,7782
204,7782
231,7784
230,7785
230,7786
230,7787
207,7792
7,7793
222,7794
223,7794
222,7795
223,7795
207,7796
207,7797
91,7799
7,7801
223,7802
221,7803
222,7804
225,7805
226,7805
207,7806
7,7807
7,7808
14,7808
207,7809
207,7810
207,7811
207,7812
230,7813
227,7814
75,7820
86,7821
73,7822
74,7823
91,7824
76,7834
75,7835
79,7836
86,7837
85,7838
12,7839
136,7840
137,7841
230,7842
85,7843
86,7843
73,7844
76,7845
74,7846
230,7847
85,7848
86,7849
12,7850
91,7851
137,7852
75,7853
76,7854
91,7855
12,7856
79,7857
136,7858
230,7859
137,7860
230,7861
230,7862
230,7863
76,7864
79,7865
85,7865
136,7866
75,7867
86,7868
85,7869
12,7870
83,7871
91,7872
73,7873
74,7874
84,7877
73,7878
91,7880
84,7881
83,7882
136,7883
91,7885
84,7886
83,7887
136,7888
75,7896
74,7897
73,7898
86,7899
12,7900
85,7900
137,7901
73,7902
76,7903
74,7904
75,7905
86,7906
85,7907
83,7908
79,7909
85,7909
84,7910
91,7911
95,7912
79,7913
245,7914
91,7915
207,7916
207,7917
91,7934
79,7935
86,7936
7,7952
207,7953
91,7954
91,7955
97,7956
73,7957
75,7958
86,7959
85,7960
84,7961
83,7962
79,7963
91,7964
85,7966
86,7967
91,7968
75,7969
73,7970
136,7971
76,7972
91,7973
73,7974
76,7975
74,7976
75,7977
91,7978
85,7979
12,7980
86,7981
79,7982
75,7983
76,7984
86,7985
74,7986
77,7987
85,7988
91,7989
12,7990
83,7991
95,7992
79,7993
91,7994
85,7995
12,7996
79,7997
204,7998
91,7999
83,8000
84,8001
204,8002
85,8003
73,8004
74,8005
75,8006
86,8007
136,8008
76,8009
77,8010
79,8011
137,8012
75,8013
127,8014
91,8015
85,8016
77,8017
86,8018
137,8019
79,8020
127,8021
75,8022
91,8023
86,8024
77,8025
83,8026
84,8027
79,8028
137,8029
204,8030
84,8031
83,8032
91,8033
127,8034
139,8035
74,8036
97,8037
79,8038
108,8039
85,8040
12,8041
75,8042
77,8043
91,8044
127,8045
79,8046
230,8047
137,8048
85,8049
230,8050
85,8051
4,8052
5,8052
7,8052
8,8052
9,8052
13,8052
18,8052
19,8052
20,8052
118,8052
121,8052
124,8052
7,8053
7,8054
75,8055
76,8056
85,8057
12,8058
83,8059
84,8060
79,8061
95,8062
75,8063
127,8064
137,8065
79,8066
12,8067
85,8067
91,8068
77,8069
95,8070
77,8071
137,8073
81,8074
127,8075
139,8076
90,8077
82,8078
85,8079
79,8080
77,8081
84,8082
78,8083
100,8084
207,8085
223,8086
230,8087
221,8088
204,8089
100,8090
139,8091
90,8092
92,8093
120,8094
85,8095
227,8096
242,8097
111,8099
85,8101
2,8102
5,8102
7,8102
8,8102
9,8102
10,8102
117,8102
9,8103
2,8104
3,8104
6,8104
8,8104
2,8105
3,8105
6,8105
8,8105
117,8105
4,8106
5,8106
7,8106
8,8106
11,8106
207,8106
230,8107
230,8108
230,8109
9,8111
9,8112
230,8113
221,8114
2,8115
73,8115
74,8115
75,8115
76,8115
77,8115
79,8115
80,8115
91,8115
96,8115
97,8115
99,8115
128,8115
138,8115
85,8116
110,8117
2,8118
7,8118
73,8118
74,8118
75,8118
86,8118
111,8118
138,8118
5,8119
7,8119
86,8119
93,8119
95,8119
96,8119
2,8120
79,8120
85,8120
86,8120
96,8120
99,8120
85,8121
95,8121
96,8121
97,8121
85,8122
12,8123
85,8124
79,8125
110,8126
9,8127
2,8128
3,8128
7,8128
8,8128
12,8128
117,8128
2,8129
5,8129
7,8129
8,8129
9,8129
14,8129
18,8129
117,8129
121,8129
124,8129
7,8130
8,8130
9,8130
13,8130
19,8130
119,8130
121,8130
2,8131
7,8131
8,8131
12,8131
117,8131
207,8131
2,8132
7,8132
8,8132
12,8132
117,8132
207,8132
2,8133
3,8133
5,8133
7,8133
8,8133
10,8133
117,8133
124,8133
207,8133
2,8134
3,8134
5,8134
7,8134
8,8134
9,8134
10,8134
14,8134
18,8134
117,8134
118,8134
121,8134
124,8134
207,8134
7,8135
207,8135
4,8136
5,8136
7,8136
8,8136
9,8136
10,8136
14,8136
18,8136
78,8136
80,8136
81,8136
82,8136
83,8136
84,8136
85,8136
86,8136
88,8136
89,8136
90,8136
91,8136
93,8136
94,8136
95,8136
96,8136
97,8136
98,8136
99,8136
108,8136
119,8136
121,8136
124,8136
135,8136
137,8136
7,8137
14,8137
80,8137
85,8137
86,8137
107,8137
109,8137
110,8137
12,8138
80,8138
81,8138
82,8138
83,8138
84,8138
85,8138
86,8138
91,8138
92,8138
95,8138
100,8138
101,8138
109,8138
110,8138
111,8138
137,8138
203,8138
204,8138
205,8138
4,8139
7,8139
8,8139
9,8139
10,8139
12,8139
113,8139
117,8139
118,8139
121,8139
124,8139
75,8140
80,8140
81,8140
83,8140
84,8140
85,8140
86,8140
93,8140
95,8140
96,8140
97,8140
110,8140
111,8140
2,8141
7,8141
12,8141
79,8141
85,8141
95,8141
96,8141
97,8141
99,8141
110,8142
2,8143
9,8143
12,8143
79,8143
83,8143
84,8143
85,8143
94,8143
95,8143
96,8143
111,8143
138,8143
7,8144
2,8145
7,8145
12,8145
79,8145
94,8145
95,8145
96,8145
204,8145
7,8146
207,8146
75,8147
79,8147
80,8147
83,8147
85,8147
86,8147
95,8147
96,8147
97,8147
99,8147
135,8147
7,8148
85,8149
93,8149
95,8149
96,8149
97,8149
110,8149
231,8150
230,8151
207,8152
80,8153
81,8154
137,8155
110,8156
12,8157
80,8157
81,8157
82,8157
85,8157
86,8157
100,8157
101,8157
110,8157
137,8157
204,8157
82,8158
86,8159
85,8160
75,8161
92,8162
101,8163
86,8164
85,8165
246,8165
91,8166
230,8171
230,8172
231,8173
76,8174
111,8175
86,8176
91,8177
73,8178
79,8179
85,8179
85,8180
109,8181
137,8182
88,8183
101,8184
94,8185
114,8185
94,8186
114,8186
79,8187
85,8187
79,8188
85,8188
76,8189
73,8190
91,8191
94,8192
114,8192
94,8193
114,8193
137,8194
86,8195
85,8196
85,8197
12,8198
12,8199
9,8200
83,8200
84,8200
230,8201
231,8202
230,8203
204,8204
100,8205
139,8206
90,8207
92,8208
120,8209
231,8210
230,8211
230,8212
231,8213
231,8214
204,8215
100,8216
139,8217
90,8218
92,8219
120,8220
126,8221
221,8222
223,8222
232,8223
232,8224
232,8225
230,8226
230,8227
231,8228
230,8229
221,8230
223,8230
221,8231
223,8231
10,8232
118,8232
225,8233
226,8233
228,8233
229,8233
4,8234
5,8234
7,8234
8,8234
9,8234
10,8234
14,8234
18,8234
78,8234
80,8234
81,8234
82,8234
83,8234
84,8234
85,8234
86,8234
88,8234
89,8234
90,8234
91,8234
93,8234
94,8234
95,8234
96,8234
97,8234
98,8234
99,8234
119,8234
121,8234
124,8234
135,8234
137,8234
5,8235
7,8235
80,8235
91,8235
204,8235
126,8236
139,8237
90,8238
207,8239
120,8240
86,8241
85,8242
82,8243
12,8244
79,8245
76,8246
137,8247
126,8248
74,8249
75,8250
204,8251
139,8252
90,8253
92,8254
126,8255
120,8256
110,8257
204,8258
139,8259
90,8260
92,8261
126,8262
120,8263
110,8264
204,8265
139,8266
90,8267
92,8268
126,8269
120,8270
110,8271
204,8272
139,8273
92,8274
126,8275
120,8276
90,8277
110,8278
204,8279
139,8280
90,8281
92,8282
126,8283
120,8284
110,8285
207,8293
108,8294
203,8295
90,8296
230,8297
120,8298
74,8299
75,8300
137,8301
100,8302
101,8303
139,8305
90,8306
110,8307
207,8308
120,8309
204,8310
12,8311
92,8312
79,8313
76,8314
137,8315
81,8316
204,8318
139,8319
90,8320
92,8321
126,8322
120,8323
110,8324
80,8325
204,8326
73,8327
74,8328
139,8329
90,8330
108,8331
120,8332
80,8333
204,8334
95,8335
127,8336
76,8337
91,8338
204,8339
79,8340
86,8341
114,8342
73,8343
74,8344
87,8345
95,8346
85,8347
91,8348
136,8349
79,8350
86,8351
76,8352
73,8353
75,8354
136,8355
139,8356
90,8357
207,8358
120,8359
204,8360
80,8361
137,8362
12,8363
85,8364
230,8365
79,8366
86,8367
91,8368
230,8370
80,8371
81,8372
204,8373
120,8374
108,8375
137,8376
204,8377
100,8378
108,8379
230,8380
139,8381
137,8382
81,8383
204,8384
127,8385
108,8386
81,8387
204,8388
80,8389
204,8390
120,8391
139,8392
90,8393
12,8394
85,8395
79,8396
91,8397
204,8398
85,8399
12,8400
79,8401
85,8402
12,8403
85,8404
85,8405
12,8406
79,8407
111,8408
85,8409
12,8410
79,8411
85,8412
12,8413
79,8414
114,8415
91,8416
136,8417
204,8418
80,8419
90,8420
204,8421
139,8422
127,8423
79,8424
95,8425
114,8425
94,8426
86,8427
79,8428
85,8428
85,8429
204,8429
79,8430
85,8430
83,8431
109,8432
10,8433
13,8433
18,8433
138,8434
79,8435
91,8436
204,8437
96,8438
97,8438
114,8439
94,8440
75,8441
85,8442
73,8443
223,8444
230,8445
231,8446
137,8447
75,8448
79,8449
91,8450
77,8451
230,8452
204,8453
96,8454
97,8454
114,8455
94,8456
79,8457
85,8458
204,8458
85,8459
12,8460
79,8461
12,8462
85,8463
79,8464
91,8465
79,8466
91,8467
90,8468
91,8469
92,8469
204,8470
80,8471
100,8472
204,8479
223,8480
94,8481
84,8482
83,8483
79,8484
91,8485
75,8486
73,8487
91,8488
111,8489
85,8490
79,8491
96,8492
95,8493
73,8494
221,8495
221,8496
85,8497
79,8498
230,8499
127,8500
7,8501
85,8502
85,8503
85,8504
101,8506
230,8507
12,8508
85,8509
12,8510
85,8511
79,8512
230,8513
120,8514
12,8515
80,8516
137,8516
85,8517
86,8518
79,8519
85,8520
84,8521
86,8522
12,8523
137,8524
12,8525
85,8526
83,8527
84,8528
76,8529
73,8530
114,8531
91,8532
79,8533
79,8534
12,8535
85,8536
85,8537
12,8538
79,8539
137,8540
85,8541
204,8541
12,8542
83,8543
114,8544
204,8545
2,8546
79,8547
75,8548
73,8549
74,8549
76,8550
230,8551
79,8552
12,8553
91,8554
86,8555
101,8556
108,8557
73,8558
74,8559
75,8560
85,8561
12,8562
80,8563
81,8564
79,8565
90,8566
85,8567
79,8568
94,8569
114,8569
79,8570
85,8571
91,8572
204,8573
84,8574
85,8575
127,8576
230,8577
207,8578
85,8579
85,8580
204,8580
79,8581
85,8582
12,8583
75,8584
230,8585
86,8586
79,8587
85,8588
94,8589
114,8589
205,8590
109,8591
83,8593
79,8594
84,8595
85,8596
86,8596
80,8597
85,8598
86,8599
12,8600
91,8601
79,8602
95,8603
76,8604
73,8605
85,8606
79,8607
12,8608
91,8609
83,8610
84,8611
79,8612
73,8613
74,8614
75,8615
79,8616
91,8617
86,8618
77,8619
114,8620
85,8621
12,8622
230,8623
231,8624
120,8625
204,8626
80,8627
85,8628
86,8629
12,8630
79,8631
91,8632
75,8633
73,8634
75,8635
86,8636
85,8637
91,8638
12,8639
224,8640
91,8641
86,8642
79,8643
85,8644
12,8645
79,8646
85,8647
73,8648
127,8649
75,8650
76,8651
91,8652
95,8654
114,8654
79,8655
94,8656
85,8657
79,8658
85,8659
94,8660
95,8660
114,8660
80,8661
204,8662
75,8663
73,8664
85,8665
76,8666
120,8667
7,8668
207,8669
207,8670
207,8671
230,8672
231,8672
226,8673
230,8674
230,8675
230,8676
230,8677
231,8678
230,8679
230,8680
207,8681
207,8682
207,8683
230,8684
82,8685
83,8686
91,8687
100,8688
82,8689
83,8690
91,8691
100,8692
75,8693
73,8694
136,8695
79,8696
91,8697
204,8698
114,8699
85,8700
80,8701
204,8702
81,8703
101,8704
90,8705
85,8706
90,8707
204,8708
80,8709
81,8709
107,8710
79,8711
86,8712
85,8713
12,8714
73,8715
75,8715
230,8716
138,8718
79,8719
83,8720
84,8721
114,8722
120,8723
74,8724
73,8725
79,8726
85,8727
12,8728
85,8729
73,8730
79,8731
94,8732
95,8732
109,8733
109,8734
95,8735
79,8736
94,8737
136,8738
91,8739
230,8740
85,8741
86,8742
80,8743
81,8744
86,8745
12,8746
91,8747
204,8748
120,8749
139,8749
95,8750
94,8751
12,8752
91,8753
73,8754
76,8755
74,8756
75,8757
137,8758
79,8759
85,8760
12,8761
230,8762
108,8763
85,8765
91,8766
114,8767
96,8768
79,8769
85,8770
79,8771
114,8772
85,8773
95,8774
91,8775
79,8776
96,8777
97,8778
85,8779
73,8780
91,8781
85,8782
91,8783
97,8784
96,8785
80,8786
95,8787
96,8788
85,8789
79,8790
73,8791
85,8793
73,8794
91,8795
85,8796
94,8797
79,8798
96,8799
73,8800
114,8801
137,8802
91,8803
96,8804
97,8805
114,8806
86,8807
91,8808
85,8809
94,8810
73,8811
79,8812
109,8813
230,8814
114,8815
91,8816
91,8817
76,8818
83,8819
79,8820
136,8821
83,8822
84,8823
79,8824
91,8825
91,8826
84,8827
83,8828
79,8829
80,8832
86,8833
120,8834
85,8835
85,8836
91,8837
223,8838
75,8839
136,8840
232,8841
230,8842
91,8843
204,8843
84,8844
79,8845
120,8846
230,8847
91,8848
204,8849
76,8850
85,8851
86,8852
85,8853
12,8854
91,8855
79,8856
96,8857
85,8858
7,8859
85,8860
85,8861
85,8862
79,8863
230,8864
230,8865
7,8866
207,8867
84,8868
78,8869
91,8870
90,8871
80,8872
85,8873
139,8874
79,8875
75,8876
76,8877
91,8878
96,8879
79,8880
79,8881
114,8882
138,8883
111,8884
75,8885
74,8886
76,8887
73,8888
79,8889
77,8890
86,8891
127,8892
79,8893
83,8894
223,8895
7,8896
12,8897
246,8897
247,8897
248,8897
79,8898
85,8899
223,8900
91,8901
73,8902
230,8903
231,8904
231,8905
138,8906
83,8907
84,8908
109,8909
7,8910
86,8911
230,8912
232,8912
230,8913
232,8913
231,8914
232,8914
230,8915
7,8916
3,8917
6,8917
7,8917
9,8917
95,8917
101,8917
117,8917
137,8917
204,8917
207,8917
85,8918
207,8919
80,8920
79,8921
207,8922
2,8923
79,8925
120,8926
85,8927
85,8928
80,8929
110,8930
204,8931
95,8932
96,8933
86,8934
230,8935
222,8936
110,8937
80,8938
86,8939
85,8940
73,8941
79,8942
230,8943
231,8944
225,8945
226,8945
226,8946
223,8947
223,8948
225,8948
223,8949
225,8949
226,8949
223,8950
226,8950
230,8951
73,8952
74,8953
127,8954
75,8955
138,8956
126,8957
101,8958
204,8958
95,8959
96,8960
97,8961
92,8962
139,8963
137,8964
93,8965
76,8966
73,8967
79,8968
230,8969
86,8970
91,8971
12,8972
85,8973
12,8974
94,8975
95,8976
79,8977
83,8978
84,8978
230,8979
230,8980
230,8981
85,8982
91,8982
94,8982
95,8982
96,8982
109,8982
111,8982
204,8982
85,8983
91,8983
94,8983
95,8983
96,8983
109,8983
111,8983
204,8983
85,8984
91,8984
94,8984
95,8984
96,8984
109,8984
111,8984
204,8984
86,8985
230,8986
230,8987
230,8988
231,8989
230,8990
230,8991
230,8992
231,8993
227,8994
230,8995
230,8996
230,8997
230,8998
221,8999
120,9000
79,9001
230,9003
231,9003
230,9004
231,9004
79,9006
85,9006
91,9006
92,9006
94,9006
95,9006
120,9006
136,9006
204,9006
109,9007
232,9008
230,9009
231,9010
232,9012
230,9014
231,9015
91,9016
204,9016
85,9017
86,9017
91,9017
230,9019
230,9020
230,9021
231,9022
230,9023
230,9024
231,9025
230,9026
231,9027
230,9028
230,9029
231,9030
231,9031
230,9032
230,9033
231,9034
230,9035
231,9035
221,9036
223,9037
230,9038
230,9039
230,9040
231,9040
230,9041
231,9042
231,9043
231,9044
85,9045
83,9046
91,9047
76,9048
79,9049
86,9050
85,9051
80,9052
139,9053
97,9054
81,9055
86,9057
85,9058
91,9059
92,9060
204,9061
207,9063
230,9064
7,9065
2,9066
24,9066
75,9066
79,9066
85,9066
86,9066
91,9066
94,9066
95,9066
96,9066
97,9066
80,9067
81,9068
86,9069
204,9070
139,9071
79,9072
110,9073
85,9074
80,9075
95,9076
86,9077
86,9078
85,9079
85,9080
82,9081
90,9082
129,9083
139,9084
110,9085
109,9086
95,9087
91,9088
79,9089
85,9090
86,9091
75,9092
76,9093
80,9094
204,9095
139,9096
75,9097
101,9098
91,9099
221,9100
73,9101
76,9102
74,9103
75,9104
86,9105
137,9106
79,9107
85,9108
12,9109
230,9110
90,9111
109,9112
91,9113
94,9114
95,9115
109,9116
84,9117
83,9118
79,9119
138,9120
91,9121
84,9122
83,9123
91,9124
79,9125
138,9126
127,9127
91,9130
230,9131
79,9132
73,9133
86,9134
76,9135
75,9136
74,9137
91,9138
114,9139
96,9140
85,9141
223,9142
230,9142
207,9143
85,9144
204,9144
95,9145
136,9146
95,9147
80,9148
12,9149
230,9150
12,9151
137,9152
137,9153
94,9154
96,9154
97,9154
109,9154
111,9154
114,9154
94,9155
96,9155
97,9155
109,9155
111,9155
114,9155
73,9156
74,9156
111,9156
90,9157
100,9157
111,9157
207,9157
230,9157
83,9158
138,9159
221,9160
223,9161
230,9162
12,9163
85,9163
96,9163
111,9163
114,9163
138,9163
12,9164
79,9164
83,9164
84,9164
85,9164
86,9164
95,9164
96,9164
138,9164
138,9165
207,9166
86,9167
73,9168
76,9169
95,9170
100,9171
79,9172
85,9173
91,9174
137,9175
81,9176
101,9177
86,9178
139,9179
73,9180
79,9181
85,9182
91,9183
85,9184
95,9185
96,9185
109,9186
85,9187
79,9188
204,9189
85,9190
12,9191
79,9192
95,9193
91,9194
84,9195
79,9196
127,9197
83,9198
138,9199
91,9200
245,9201
86,9202
73,9203
243,9203
244,9204
74,9205
242,9206
75,9207
91,9208
136,9209
86,9210
96,9211
91,9212
76,9213
86,9214
85,9215
246,9216
233,9217
236,9218
237,9219
96,9220
97,9221
245,9222
230,9223
204,9224
94,9225
248,9226
85,9227
233,9228
236,9229
237,9230
79,9231
73,9232
243,9233
109,9234
204,9235
83,9236
91,9237
84,9238
79,9239
120,9240
80,9241
85,9242
91,9243
114,9244
96,9245
245,9246
80,9247
100,9248
101,9248
80,9249
100,9250
101,9250
82,9251
90,9252
120,9253
74,9254
75,9255
85,9256
248,9257
12,9258
86,9259
80,9260
95,9261
91,9262
86,9263
83,9264
248,9265
12,9266
230,9267
91,9268
85,9269
246,9270
85,9271
95,9272
96,9273
139,9274
78,9275
233,9276
234,9277
239,9278
127,9279
91,9280
86,9281
101,9282
99,9283
96,9284
204,9285
245,9286
252,9287
137,9288
80,9289
81,9290
85,9291
86,9291
82,9292
135,9293
92,9294
101,9295
73,9296
139,9297
110,9298
90,9299
120,9300
86,9301
204,9302
85,9303
109,9304
139,9305
120,9306
127,9306
245,9307
137,9308
81,9309
86,9310
91,9311
120,9312
75,9313
136,9314
230,9315
86,9316
82,9317
90,9317
139,9317
230,9318
85,9319
80,9320
80,9321
81,9322
82,9323
86,9324
246,9325
248,9326
12,9327
85,9328
90,9329
245,9330
91,9331
248,9331
92,9332
139,9333
108,9334
252,9334
207,9335
110,9336
85,9337
248,9338
245,9339
12,9340
91,9341
230,9342
221,9343
109,9344
83,9345
84,9346
138,9347
91,9348
89,9349
78,9350
243,9351
88,9352
120,9353
108,9354
108,9355
233,9356
94,9357
90,9358
101,9359
110,9360
12,9361
85,9362
79,9363
91,9364
80,9365
137,9365
81,9366
92,9367
139,9368
73,9369
126,9370
245,9371
82,9372
86,9373
91,9374
12,9375
90,9376
7,9377
12,9377
79,9377
83,9377
84,9377
85,9377
86,9377
96,9377
7,9378
12,9378
79,9378
83,9378
84,9378
85,9378
86,9378
96,9378
111,9379
245,9380
85,9381
12,9382
80,9383
79,9384
245,9385
80,9386
137,9386
81,9387
139,9388
204,9389
92,9390
120,9391
95,9392
233,9393
96,9394
245,9395
138,9396
79,9397
91,9398
245,9399
73,9400
243,9401
75,9402
74,9403
86,9404
136,9405
76,9406
79,9407
230,9408
77,9409
2,9410
83,9411
79,9412
138,9413
120,9414
84,9415
88,9416
78,9417
78,9418
89,9419
79,9420
138,9420
120,9421
127,9421
2,9422
90,9424
120,9425
204,9426
82,9427
137,9428
75,9429
99,9430
101,9431
99,9432
91,9433
246,9434
248,9435
85,9436
237,9437
233,9438
96,9439
245,9440
109,9441
91,9442
84,9443
83,9444
138,9445
79,9446
86,9447
80,9448
86,9449
85,9450
92,9451
82,9452
75,9453
120,9454
12,9455
204,9456
86,9457
91,9458
245,9459
138,9460
136,9461
80,9462
204,9463
74,9464
127,9465
73,9466
243,9467
120,9468
75,9469
74,9470
245,9471
204,9472
86,9473
85,9474
91,9475
246,9476
252,9477
136,9478
96,9479
204,9480
136,9481
108,9482
110,9483
120,9484
245,9485
95,9486
94,9487
233,9488
237,9489
236,9490
96,9491
85,9492
230,9493
5,9494
7,9494
8,9494
9,9494
7,9495
5,9496
7,9496
8,9496
117,9496
121,9496
5,9497
7,9497
8,9497
117,9497
121,9497
5,9498
7,9498
8,9498
117,9498
121,9498
7,9499
2,9500
7,9500
109,9501
7,9502
207,9502
230,9502
4,9503
7,9503
8,9503
9,9503
11,9503
2,9504
4,9504
7,9504
8,9504
9,9504
14,9504
137,9504
204,9504
7,9505
9,9505
15,9505
117,9505
118,9505
4,9506
7,9506
8,9506
9,9506
19,9506
20,9506
118,9506
121,9506
80,9507
95,9507
96,9507
111,9507
114,9507
137,9507
7,9508
7,9509
7,9510
7,9511
7,9512
7,9513
7,9514
7,9515
7,9516
7,9517
7,9518
7,9519
7,9520
7,9521
7,9522
7,9523
7,9524
109,9525
7,9526
117,9526
7,9527
207,9527
7,9528
7,9529
7,9530
7,9531
83,9532
247,9533
246,9534
248,9535
245,9536
91,9537
137,9538
137,9539
204,9540
82,9541
101,9542
96,9543
99,9544
7,9545
139,9546
137,9547
204,9548
111,9549
137,9550
73,9552
76,9553
74,9554
75,9555
244,9556
86,9557
246,9557
83,9558
84,9559
91,9560
12,9561
246,9561
248,9561
240,9562
233,9563
237,9564
138,9565
85,9566
7,9571
7,9572
2,9573
3,9573
7,9573
8,9573
12,9573
117,9573
124,9573
2,9574
3,9574
7,9574
8,9574
12,9574
117,9574
124,9574
2,9575
3,9575
7,9575
8,9575
12,9575
117,9575
124,9575
81,9587
91,9587
94,9587
95,9587
137,9587
5,9588
7,9588
85,9588
245,9589
7,9590
7,9591
207,9592
207,9593
7,9594
7,9595
207,9596
7,9597
7,9599
7,9600
117,9601
118,9602
7,9603
84,9604
99,9605
89,9606
120,9607
74,9608
12,9609
248,9610
84,9611
86,9612
246,9613
245,9614
83,9615
137,9616
80,9617
120,9618
75,9619
74,9620
86,9621
128,9622
95,9623
239,9624
243,9625
245,9626
230,9627
136,9628
91,9629
85,9630
137,9631
109,9632
230,9633
75,9634
74,9635
73,9636
91,9637
86,9638
86,9639
77,9640
252,9641
86,9642
85,9643
95,9644
237,9644
136,9645
245,9646
243,9647
79,9648
85,9649
221,9650
230,9651
89,9652
78,9653
84,9654
91,9655
83,9656
79,9657
120,9658
89,9659
78,9660
84,9661
91,9662
83,9663
79,9664
120,9665
75,9666
74,9667
73,9668
77,9669
79,9670
245,9671
244,9672
86,9673
85,9674
91,9675
96,9676
97,9676
136,9677
73,9678
223,9679
230,9680
223,9681
137,9682
81,9683
136,9684
96,9685
86,9686
85,9687
245,9688
244,9689
127,9690
2,9691
9,9691
12,9691
73,9691
74,9691
75,9691
79,9691
80,9691
83,9691
84,9691
85,9691
86,9691
94,9691
95,9691
96,9691
97,9691
100,9691
120,9691
139,9691
7,9692
73,9693
243,9694
75,9695
128,9696
91,9697
86,9698
85,9699
245,9700
79,9701
126,9702
97,9703
139,9704
86,9705
79,9706
245,9707
85,9708
86,9708
246,9709
204,9710
91,9711
85,9712
86,9712
230,9713
96,9714
136,9715
86,9716
245,9717
230,9718
136,9719
7,9720
91,9721
80,9722
137,9723
81,9724
137,9724
240,9725
233,9726
236,9727
237,9728
96,9729
85,9730
246,9730
245,9731
73,9732
243,9733
244,9734
120,9735
137,9736
81,9737
80,9738
247,9739
248,9739
85,9740
83,9741
245,9742
79,9743
138,9744
237,9745
233,9746
137,9747
139,9747
97,9748
73,9749
223,9750
230,9750
91,9751
77,9752
120,9753
80,9754
250,9755
73,9756
244,9757
128,9758
75,9759
204,9760
245,9761
94,9762
233,9762
136,9763
248,9764
246,9765
247,9765
12,9766
245,9767
79,9768
204,9769
246,9770
246,9771
85,9772
85,9773
243,9774
73,9775
243,9775
73,9776
245,9777
91,9778
233,9779
236,9780
237,9781
94,9782
247,9783
95,9784
94,9785
96,9786
91,9787
73,9788
243,9789
230,9790
109,9791
245,9792
243,9793
73,9794
246,9795
230,9796
246,9797
230,9798
114,9799
96,9800
245,9801
91,9802
76,9803
128,9804
245,9805
86,9806
246,9806
248,9806
86,9807
248,9807
246,9808
85,9809
91,9810
86,9811
76,9812
75,9813
74,9814
73,9815
243,9816
245,9817
83,9818
84,9819
79,9820
138,9820
237,9821
236,9822
240,9823
94,9824
230,9825
230,9826
79,9827
245,9828
243,9829
75,9830
120,9831
91,9832
246,9833
247,9834
12,9835
252,9836
230,9837
231,9838
86,9839
246,9840
247,9841
85,9842
12,9843
83,9844
84,9844
250,9845
79,9846
79,9847
230,9848
114,9849
245,9850
75,9851
86,9852
76,9853
244,9854
241,9855
74,9856
73,9857
243,9858
76,9859
248,9860
86,9861
246,9862
12,9863
245,9864
83,9865
73,9866
243,9867
75,9868
245,9869
91,9870
12,9871
246,9872
85,9873
86,9874
204,9875
240,9875
94,9876
114,9876
12,9877
246,9878
85,9879
86,9880
94,9881
94,9882
114,9882
12,9883
246,9884
85,9885
86,9886
94,9887
204,9887
114,9888
240,9888
12,9889
246,9890
85,9891
86,9892
94,9893
204,9893
114,9894
240,9894
12,9895
246,9896
85,9897
86,9898
204,9899
240,9899
94,9900
114,9900
12,9901
246,9902
85,9903
86,9904
204,9905
240,9905
94,9906
12,9907
246,9908
85,9909
86,9910
204,9911
240,9911
94,9912
114,9912
137,9913
139,9914
207,9915
207,9916
207,9917
137,9918
204,9919
86,9920
82,9921
248,9922
110,9923
227,9924
137,9925
139,9926
137,9927
204,9928
86,9929
82,9930
248,9931
110,9932
227,9933
137,9934
139,9935
137,9936
204,9937
86,9938
82,9939
248,9940
110,9941
227,9942
137,9943
139,9944
137,9945
204,9946
86,9947
82,9948
248,9949
110,9950
227,9951
137,9952
139,9953
137,9954
204,9955
86,9956
82,9957
248,9958
110,9959
227,9960
137,9961
139,9962
137,9963
204,9964
86,9965
82,9966
248,9967
110,9968
227,9969
137,9970
139,9971
137,9972
204,9973
86,9974
82,9975
248,9976
110,9977
227,9978
73,9979
74,9980
75,9981
128,9982
137,9983
91,9984
246,9985
247,9985
86,9986
86,9987
136,9988
96,9989
97,9990
95,9991
236,9992
237,9993
240,9994
239,9995
85,9996
94,9997
246,9998
91,9999
73,10000
243,10001
245,10002
109,10003
246,10004
86,10005
12,10006
248,10007
94,10008
100,10009
251,10010
245,10011
91,10012
252,10013
73,10014
243,10014
245,10015
248,10016
246,10017
109,10018
233,10019
236,10020
237,10021
96,10022
97,10022
97,10023
91,10024
248,10025
246,10026
91,10027
236,10028
237,10028
233,10029
80,10030
75,10031
100,10032
230,10033
230,10034
230,10035
230,10036
230,10037
110,10038
80,10039
86,10040
85,10041
80,10042
85,10042
86,10042
110,10042
120,10042
248,10042
91,10043
7,10044
7,10045
8,10045
9,10045
111,10045
230,10046
231,10046
231,10047
230,10048
231,10048
231,10049
77,10050
85,10051
86,10051
73,10052
76,10053
74,10054
230,10055
248,10056
86,10057
246,10058
247,10058
12,10059
91,10060
245,10061
137,10062
77,10063
85,10064
86,10064
73,10065
76,10066
74,10067
230,10068
248,10069
86,10070
12,10071
91,10072
245,10073
137,10074
239,10075
91,10076
73,10077
243,10077
96,10078
97,10078
97,10079
247,10080
246,10081
79,10082
114,10083
109,10084
85,10085
246,10086
96,10087
233,10088
236,10088
237,10089
94,10090
239,10091
240,10092
97,10093
91,10094
245,10095
230,10096
221,10097
109,10098
109,10099
110,10099
109,10100
137,10101
75,10102
74,10103
73,10104
244,10105
245,10106
91,10107
76,10108
230,10109
100,10110
86,10111
86,10112
248,10112
12,10113
137,10114
75,10115
73,10116
74,10116
244,10116
245,10117
91,10118
76,10119
230,10120
100,10121
86,10122
248,10122
12,10123
137,10124
75,10125
73,10126
244,10127
245,10128
91,10129
76,10130
230,10131
86,10132
86,10133
248,10133
12,10134
230,10135
230,10136
204,10137
85,10138
244,10139
245,10140
242,10141
250,10142
136,10143
91,10144
252,10145
110,10146
80,10147
204,10148
91,10149
85,10150
221,10151
75,10152
91,10153
230,10154
85,10155
86,10155
245,10156
137,10157
75,10158
73,10159
74,10159
244,10160
245,10161
91,10162
76,10163
230,10164
100,10165
86,10166
248,10166
86,10167
12,10168
137,10169
75,10170
73,10171
74,10171
244,10172
245,10173
91,10174
76,10175
230,10176
100,10177
86,10178
86,10179
248,10179
12,10180
245,10181
75,10182
74,10183
244,10184
245,10185
243,10186
86,10187
85,10188
86,10188
77,10189
252,10190
79,10191
241,10192
136,10193
73,10194
223,10195
73,10196
243,10197
86,10198
248,10199
246,10200
12,10201
79,10202
245,10203
138,10204
76,10205
91,10206
241,10207
138,10208
245,10209
75,10210
86,10210
114,10211
233,10211
236,10211
239,10211
240,10211
84,10212
83,10213
86,10214
12,10215
248,10216
246,10217
238,10218
91,10219
109,10220
109,10221
85,10222
230,10223
75,10224
86,10225
76,10226
73,10227
244,10228
74,10229
86,10230
248,10231
246,10232
91,10233
245,10234
136,10235
230,10236
86,10237
248,10238
73,10239
76,10240
243,10241
75,10242
246,10243
100,10244
12,10245
245,10246
79,10247
137,10248
91,10249
86,10250
248,10251
245,10252
230,10253
137,10254
75,10255
74,10256
73,10257
244,10258
245,10259
91,10260
76,10261
230,10262
83,10263
100,10263
86,10264
248,10264
12,10265
75,10266
73,10267
76,10267
243,10267
91,10268
247,10269
248,10269
246,10270
248,10270
12,10271
86,10272
79,10273
245,10274
137,10275
230,10276
227,10277
245,10278
245,10279
91,10280
92,10281
99,10281
92,10282
99,10282
246,10283
246,10284
85,10285
85,10286
101,10287
108,10288
109,10289
246,10290
245,10291
114,10292
230,10293
7,10294
7,10295
7,10296
239,10297
85,10298
246,10299
91,10300
96,10301
97,10302
233,10303
237,10304
236,10305
245,10306
73,10307
243,10308
109,10309
139,10310
90,10311
226,10312
120,10313
74,10314
82,10315
85,10315
86,10315
99,10315
248,10315
137,10316
81,10317
101,10318
139,10319
90,10320
226,10321
120,10322
74,10323
82,10324
85,10324
86,10324
99,10324
248,10324
137,10325
81,10326
101,10327
7,10328
7,10329
2,10331
7,10332
230,10333
230,10334
231,10334
232,10334
230,10335
231,10335
232,10335
230,10336
128,10337
243,10338
76,10339
230,10340
221,10341
230,10342
230,10343
230,10344
231,10345
231,10346
231,10347
245,10348
91,10349
230,10350
73,10351
243,10352
246,10353
247,10354
96,10355
233,10356
236,10356
237,10357
239,10358
243,10359
233,10360
237,10360
246,10361
230,10362
231,10362
232,10362
230,10363
231,10363
232,10363
245,10364
246,10365
248,10366
230,10367
230,10368
250,10369
250,10370
245,10371
230,10372
96,10373
97,10374
233,10375
236,10376
237,10377
73,10378
243,10379
91,10380
245,10381
109,10382
248,10383
246,10384
86,10385
246,10386
248,10387
85,10388
101,10389
91,10390
85,10391
245,10392
100,10393
139,10393
96,10394
114,10395
230,10396
1,10397
2,10397
4,10397
7,10397
8,10397
9,10397
12,10397
19,10397
20,10397
21,10397
24,10397
118,10397
121,10397
124,10397
2,10398
3,10398
5,10398
7,10398
8,10398
12,10398
24,10398
117,10398
7,10399
7,10400
7,10401
12,10402
12,10403
12,10404
12,10405
73,10406
243,10407
244,10408
76,10409
242,10410
91,10411
248,10412
246,10413
12,10414
73,10415
76,10416
243,10417
244,10418
242,10419
137,10420
86,10421
128,10422
91,10423
12,10424
12,10425
12,10426
12,10427
12,10428
12,10429
12,10430
12,10431
12,10432
12,10433
12,10434
12,10435
12,10436
12,10437
12,10438
12,10439
12,10440
12,10441
12,10442
12,10443
12,10444
12,10445
12,10446
12,10447
12,10448
12,10449
12,10450
12,10451
12,10459
12,10460
12,10461
12,10462
12,10463
12,10464
243,10465
244,10466
75,10467
242,10468
91,10469
252,10470
251,10471
79,10472
245,10472
246,10473
247,10473
248,10473
12,10474
230,10475
231,10476
100,10477
225,10478
12,10479
12,10480
12,10481
248,10483
12,10484
86,10485
91,10486
245,10487
7,10488
12,10489
12,10490
12,10491
246,10492
247,10492
248,10492
251,10493
83,10494
84,10495
91,10496
245,10497
79,10498
138,10499
240,10500
237,10501
233,10502
12,10503
12,10504
12,10505
85,10506
248,10506
12,10507
12,10508
137,10509
204,10509
246,10509
230,10510
91,10511
246,10512
247,10512
248,10512
12,10513
109,10514
233,10515
96,10516
97,10517
91,10518
204,10519
12,10520
12,10521
86,10522
99,10522
204,10522
82,10523
100,10524
101,10525
248,10526
12,10527
91,10528
139,10529
90,10530
92,10531
120,10532
75,10533
74,10534
110,10535
12,10536
12,10537
12,10538
12,10539
12,10540
12,10541
12,10542
12,10543
12,10544
12,10545
12,10546
12,10547
12,10548
12,10549
12,10550
12,10551
12,10552
12,10553
12,10554
12,10555
12,10556
12,10557
12,10558
12,10559
12,10560
12,10561
12,10567
12,10570
12,10571
12,10572
12,10573
12,10574
12,10575
4,10576
12,10576
4,10577
8,10577
9,10577
10,10577
12,10577
13,10577
14,10577
15,10577
18,10577
23,10577
230,10578
91,10579
245,10581
114,10582
114,10583
240,10584
96,10585
96,10586
247,10587
246,10588
96,10589
114,10589
246,10589
247,10589
96,10590
114,10590
240,10590
245,10590
246,10590
247,10590
79,10591
138,10592
83,10593
84,10594
91,10595
120,10596
77,10597
86,10598
73,10599
76,10600
74,10601
230,10602
248,10603
85,10604
12,10605
91,10606
80,10607
96,10608
97,10609
233,10610
236,10611
237,10612
73,10613
243,10614
230,10615
245,10616
109,10617
83,10618
12,10619
246,10620
91,10621
248,10622
86,10623
246,10624
12,10625
245,10626
83,10627
73,10628
243,10629
75,10630
91,10631
85,10632
85,10633
12,10634
91,10635
238,10636
245,10637
75,10638
73,10639
136,10640
86,10641
248,10642
85,10643
12,10644
91,10645
245,10646
233,10647
240,10647
239,10648
136,10649
86,10650
248,10651
85,10652
12,10653
91,10654
245,10655
233,10656
240,10656
239,10657
136,10658
86,10659
248,10660
85,10661
12,10662
91,10663
245,10664
233,10665
240,10665
239,10666
136,10667
245,10668
91,10669
245,10670
136,10671
86,10672
76,10673
75,10674
243,10675
244,10676
73,10677
86,10678
248,10679
246,10680
86,10681
76,10682
74,10683
73,10684
243,10685
75,10686
137,10687
248,10688
246,10689
91,10690
85,10691
136,10692
91,10693
84,10694
83,10695
138,10696
79,10697
76,10698
86,10699
73,10700
243,10701
244,10702
75,10703
242,10704
128,10705
86,10706
248,10707
12,10708
91,10709
245,10710
76,10711
233,10712
233,10713
233,10714
245,10715
204,10716
91,10717
86,10718
85,10719
12,10720
240,10721
239,10722
114,10723
114,10724
136,10725
109,10726
114,10727
248,10728
86,10729
12,10730
96,10731
2,10732
245,10733
108,10734
73,10735
74,10735
76,10735
86,10735
243,10735
81,10736
137,10736
90,10737
79,10738
245,10739
109,10740
248,10741
83,10742
91,10743
12,10744
86,10745
248,10746
101,10747
83,10748
84,10749
138,10750
79,10751
223,10752
230,10753
230,10754
233,10755
236,10756
237,10757
97,10758
96,10759
246,10760
91,10761
248,10762
245,10763
109,10764
73,10765
243,10766
7,10767
7,10768
245,10769
73,10770
243,10771
247,10772
246,10773
91,10774
233,10775
236,10776
237,10777
96,10778
97,10779
109,10780
84,10781
83,10782
138,10783
91,10784
79,10785
109,10786
73,10787
243,10788
109,10789
246,10790
91,10791
243,10792
73,10793
74,10794
75,10795
245,10796
79,10797
91,10798
85,10799
86,10800
109,10801
96,10802
237,10803
236,10804
233,10805
97,10806
245,10807
91,10808
75,10809
76,10810
86,10810
75,10811
76,10812
86,10812
137,10813
81,10814
85,10815
86,10816
245,10817
2,10818
136,10819
91,10820
248,10821
85,10822
73,10823
243,10824
76,10825
74,10826
75,10827
77,10828
137,10828
86,10829
83,10830
84,10830
83,10831
91,10832
86,10833
80,10834
85,10835
86,10835
83,10836
94,10837
239,10837
245,10838
136,10839
79,10840
85,10841
86,10841
83,10842
94,10843
239,10843
245,10844
136,10845
79,10846
83,10847
86,10848
85,10849
246,10851
247,10852
85,10853
12,10855
233,10856
237,10856
240,10857
79,10858
250,10859
223,10860
230,10861
96,10862
80,10863
81,10864
137,10865
75,10866
76,10867
91,10868
86,10869
246,10870
85,10871
248,10872
12,10873
91,10874
92,10875
245,10876
90,10877
137,10878
81,10879
241,10880
74,10881
139,10882
126,10883
73,10884
243,10884
245,10885
248,10886
246,10887
94,10888
91,10889
109,10890
96,10891
97,10891
233,10892
236,10893
237,10893
91,10894
79,10895
83,10896
84,10896
96,10897
97,10897
80,10899
248,10900
246,10901
85,10902
110,10903
245,10904
114,10905
96,10906
247,10907
246,10908
230,10909
248,10910
91,10911
245,10912
73,10913
243,10914
244,10915
241,10916
242,10916
75,10917
76,10918
245,10919
91,10920
75,10921
73,10922
243,10923
245,10924
239,10925
85,10926
246,10927
96,10928
96,10929
97,10930
114,10931
114,10932
109,10933
137,10934
75,10935
74,10936
73,10937
244,10938
245,10939
91,10940
76,10941
230,10942
86,10943
248,10944
12,10945
73,10946
74,10946
75,10946
248,10947
12,10948
246,10949
86,10950
91,10951
79,10952
245,10953
230,10954
