GeoFIPS,GeoName,Region,TableName,LineCode,IndustryClassification,Description,Unit,2005:Q1,2005:Q2,2005:Q3,2005:Q4,2006:Q1,2006:Q2,2006:Q3,2006:Q4,2007:Q1,2007:Q2,2007:Q3,2007:Q4,2008:Q1,2008:Q2,2008:Q3,2008:Q4,2009:Q1,2009:Q2,2009:Q3,2009:Q4,2010:Q1,2010:Q2,2010:Q3,2010:Q4,2011:Q1,2011:Q2,2011:Q3,2011:Q4,2012:Q1,2012:Q2,2012:Q3,2012:Q4,2013:Q1,2013:Q2,2013:Q3,2013:Q4,2014:Q1,2014:Q2,2014:Q3,2014:Q4,2015:Q1,2015:Q2,2015:Q3,2015:Q4,2016:Q1,2016:Q2,2016:Q3,2016:Q4,2017:Q1,2017:Q2,2017:Q3,2017:Q4,2018:Q1,2018:Q2,2018:Q3,2018:Q4,2019:Q1,2019:Q2,2019:Q3,2019:Q4,2020:Q1,2020:Q2,2020:Q3,2020:Q4,2021:Q1,2021:Q2,2021:Q3,2021:Q4,2022:Q1,2022:Q2,2022:Q3,2022:Q4,2023:Q1,2023:Q2,2023:Q3,2023:Q4,2024:Q1,2024:Q2,2024:Q3,2024:Q4,2025:Q1,2025:Q2,2025:Q3,2025:Q4
 "27000","Minnesota",4,SQGDP9,1,"...","All industry total ","Millions of chained 2017 dollars",299491.4,299933.8,304936.0,302683.7,303182.1,305491.4,300116.4,300300.9,300125.0,304862.0,304533.5,307311.5,310307.7,310758.7,313375.3,302719.8,296080.6,295035.8,295782.0,300602.5,301025.2,305072.4,309866.6,316403.2,311827.5,317343.8,315004.8,316677.2,320691.2,320660.5,322096.0,320767.6,324710.0,327180.0,333101.2,334106.8,332424.6,337987.2,342642.0,341441.8,345361.8,343996.2,345331.1,347135.9,346601.0,348006.1,353955.8,353851.5,356459.9,354121.3,352183.8,356122.5,361044.1,363643.2,366978.9,367532.6,365533.0,367627.0,371869.3,373440.2,365684.4,338101.1,361128.7,366411.9,371706.8,380592.0,377716.0,381888.4,381472.3,385791.6,389255.7,387167.4,386979.8,387306.6,390451.9,394719.7,394496.9,397452.3,402551.0,402513.1,401421.6,404755.7,407467.0,409700.0
 "27000","Minnesota",4,SQGDP9,2,"..."," Private industries ","Millions of chained 2017 dollars",264349.7,264500.6,269274.5,267195.5,267454.5,270355.9,264751.3,265285.2,265316.0,270080.8,269827.3,272697.2,274893.6,275134.7,277641.9,267864.7,261220.9,260322.7,260991.0,265310.6,266256.2,270394.4,274464.2,281193.3,277549.6,283119.9,280941.0,282425.1,286936.0,286623.9,288183.8,286745.0,290696.0,292911.0,299170.6,300174.1,298536.2,303974.3,308831.4,307364.7,311360.9,309464.4,311318.4,312465.7,312594.6,313694.1,319157.0,319675.4,321919.9,320018.5,318058.2,321837.4,326701.0,328834.1,331899.6,332513.3,329770.6,331681.7,335405.3,337317.5,329151.9,304606.3,326635.4,331432.6,337656.0,346191.4,342816.3,346517.7,346470.7,350026.5,352826.6,351027.1,351272.2,351299.8,354621.2,358201.2,357669.9,360243.2,365117.8,364694.8,363119.8,366664.0,369576.3,372221.5
 "27000","Minnesota",4,SQGDP9,3,"11","   Agriculture, forestry, fishing and hunting ","Millions of chained 2017 dollars",5138.3,5123.1,4973.7,5049.2,5281.3,6026.8,5772.7,5726.0,4637.4,4697.2,4483.3,4627.9,6067.2,5850.3,5875.0,6433.8,5099.9,5307.9,5961.2,5776.6,5682.2,5835.7,5834.6,5644.5,5750.7,5471.9,5334.8,5573.2,6306.1,6693.0,7208.5,6841.6,5755.7,6356.3,6616.8,5854.0,5468.8,5629.0,5485.2,5516.9,5152.7,5461.2,5992.8,6658.1,5343.2,5788.9,5804.0,5275.5,6413.9,5807.8,5284.5,5204.3,4983.4,5815.5,5831.4,5946.4,4221.4,4481.2,4285.5,4224.5,5582.1,4649.4,5835.5,6781.6,6106.8,7493.7,7060.3,5822.0,7359.4,7665.3,7471.0,7030.2,6628.8,6399.1,6436.9,5937.6,6932.0,7003.8,6618.6,6652.7,6395.4,6567.6,6468.0,6917.8
 "27000","Minnesota",4,SQGDP9,6,"21","   Mining, quarrying, and oil and gas extraction ","Millions of chained 2017 dollars",1502.8,1618.5,1342.2,1387.9,1568.4,1662.4,1599.0,1530.6,1377.7,1303.4,1261.2,1255.9,1319.0,1391.5,1614.6,1803.3,1376.0,828.7,823.1,1084.6,1525.0,2250.9,2715.6,2731.8,2881.6,2931.7,2833.7,2872.8,2505.4,2554.4,2371.2,2210.6,2291.0,2177.9,2348.7,2484.9,2403.2,2401.3,2219.8,1713.4,933.8,425.2,350.7,610.7,1162.9,1489.2,1711.9,1600.4,1429.2,1373.2,1351.4,1310.0,1294.4,1441.6,1476.8,1738.8,1733.2,1806.4,1982.3,1975.2,2152.6,1835.4,1666.5,1558.2,1668.1,1688.3,1447.0,1448.6,1353.9,1310.4,1451.9,1703.4,1936.3,2097.1,2162.5,1913.0,1721.7,1657.1,1575.3,1545.2,1392.4,1495.8,1498.0,1556.3
 "27000","Minnesota",4,SQGDP9,10,"22","   Utilities ","Millions of chained 2017 dollars",3582.2,3839.2,3783.0,3861.4,3595.3,3913.3,4019.9,3920.8,3889.1,4070.6,4064.1,4119.3,4326.3,4566.3,4718.0,4088.2,3557.9,4034.2,4272.8,4455.3,4713.5,4611.8,4757.5,4976.2,4856.7,5237.7,5184.7,5355.2,5223.7,5236.1,5212.8,5223.6,5438.8,5673.7,5512.9,5646.6,5104.2,5111.5,5328.5,5361.8,4836.7,5285.4,5175.5,5092.1,5261.3,5355.4,5714.0,5608.0,5308.0,5392.0,5317.5,5362.3,5329.7,5201.8,5087.6,5064.7,4968.6,5156.4,5204.4,5609.7,5735.5,5579.0,5710.6,5734.8,5568.9,5517.9,5607.1,5554.3,5518.9,5562.1,5382.3,5246.2,5508.5,6436.2,5590.0,5886.3,5831.7,5945.3,5886.9,5980.6,5634.4,5422.7,5661.0,5691.7
 "27000","Minnesota",4,SQGDP9,11,"23","   Construction ","Millions of chained 2017 dollars",18983.7,18425.4,18294.3,17637.7,17673.8,17520.9,16567.9,16103.6,16766.8,16815.0,16272.5,15642.1,15187.5,14599.2,14510.3,13154.1,12060.2,12033.6,12252.8,12101.8,11397.6,11126.9,11231.4,11056.6,11192.3,11350.4,11534.4,11582.3,11836.1,12122.8,12022.5,12066.4,12368.3,12707.8,13197.9,13455.3,13241.6,13461.0,13823.0,14038.9,14518.6,14846.1,15011.2,15051.3,15422.2,15474.4,15450.2,15758.7,16469.5,16308.6,16158.3,16467.1,16395.8,16171.5,16596.0,16635.9,16341.4,17175.5,17401.6,17098.2,16327.8,16584.9,16505.7,16801.6,18190.3,17653.0,17511.5,16719.5,16837.6,15930.8,15423.1,15467.8,15502.0,15944.8,16394.9,16550.0,16760.8,16621.4,16713.6,17068.1,16803.2,16842.3,16757.7,16973.0
 "27000","Minnesota",4,SQGDP9,12,"31-33","   Manufacturing ","Millions of chained 2017 dollars",36558.8,37471.9,38752.5,39437.2,38998.2,39355.7,37832.1,38505.9,37224.4,37598.7,38232.0,39249.2,39113.2,41284.3,41144.9,39348.6,37147.0,37840.9,37597.8,38709.7,37621.4,38560.7,39975.5,41142.7,40127.9,41840.0,41668.2,42107.9,42964.1,42053.5,41794.9,41229.4,42899.4,43305.2,44280.8,44533.8,45045.9,46424.0,47263.4,46668.0,47267.2,45284.6,46242.4,45600.8,46191.6,45648.1,46272.0,45937.7,45658.2,45616.4,45485.5,47243.5,47240.6,47926.5,47724.7,48013.1,46264.8,46636.9,47497.0,47593.9,45552.0,42021.1,44888.1,46007.2,46314.1,46827.7,46383.0,47026.4,46380.7,46821.4,46548.3,46355.3,46222.7,45974.3,46434.7,47083.9,46259.9,47690.0,48834.7,48376.0,47555.1,49044.9,49569.4,49483.3
 "27000","Minnesota",4,SQGDP9,13,"321,327-339","     Durable goods manufacturing ","Millions of chained 2017 dollars",20302.9,20941.5,21658.0,22291.8,21881.9,22298.5,21445.8,21548.1,21280.3,21497.8,22078.3,22503.3,22851.8,24194.5,24576.6,23450.6,21374.9,21018.9,20434.5,21261.6,21377.3,22831.5,24488.0,25189.8,24022.4,25469.7,25187.1,25526.0,25774.8,25712.9,25931.3,26252.0,27184.4,27594.4,28387.9,28503.1,28251.5,28817.8,29595.6,29060.5,29672.8,28584.8,29266.6,29143.0,28969.6,28547.3,28889.5,29049.2,29192.6,29073.1,29114.4,30128.0,29752.9,29975.7,29851.8,30147.0,29519.3,29839.6,30219.8,30173.1,28919.5,26046.3,28146.1,28843.9,29641.3,30242.4,29393.1,29622.8,29193.0,29482.6,28898.9,28922.6,28529.4,28760.6,28688.9,29244.2,28132.1,28852.8,29638.0,28981.9,29018.5,29773.3,30485.5,30626.9
 "27000","Minnesota",4,SQGDP9,25,"311-316,322-326","     Nondurable goods manufacturing ","Millions of chained 2017 dollars",16471.9,16699.6,17270.1,17245.7,17264.2,17150.0,16474.8,17118.5,15987.1,16145.8,16157.5,16780.9,16215.4,17025.8,16442.1,15779.2,15764.2,16933.5,17344.3,17596.5,16283.3,15679.2,15390.5,15864.8,16035.1,16316.3,16422.4,16525.2,17108.3,16286.8,15838.7,15012.6,15734.4,15727.1,15903.0,16038.4,16794.0,17604.4,17672.3,17609.0,17597.8,16704.7,16982.1,16464.9,17232.9,17111.7,17393.8,16887.8,16460.0,16542.7,16373.2,17119.5,17480.2,17933.6,17856.5,17854.8,16747.5,16798.4,17275.7,17418.6,16628.9,15995.0,16748.6,17177.6,16686.1,16613.6,16994.1,17396.6,17175.4,17325.8,17586.8,17386.6,17617.7,17178.1,17684.9,17782.8,18049.4,18750.5,19100.8,19306.7,18431.4,19170.4,18972.0,18745.1
 "27000","Minnesota",4,SQGDP9,34,"42","   Wholesale trade ","Millions of chained 2017 dollars",22684.9,22024.0,22435.0,22554.2,23236.5,23078.9,23214.6,22957.8,23030.7,23842.0,23689.7,23898.2,24417.4,23442.4,23671.3,22274.5,21463.9,20824.2,20658.1,21837.5,22279.0,22431.3,23389.4,23018.2,23380.3,23899.3,23404.5,24237.4,23855.4,24681.0,24746.6,24469.5,25107.5,24546.4,25422.6,25819.4,25008.7,25809.7,26523.9,26423.7,26822.6,26499.1,26716.0,26647.4,26174.2,25846.3,26331.5,26343.6,26314.2,26907.0,25672.2,25841.9,26934.9,26288.9,26659.7,26935.7,25868.0,25477.6,26254.3,26441.5,26322.7,24018.4,26454.7,26198.9,26685.8,25581.5,24742.0,25419.0,24789.8,24628.9,25603.1,25906.0,25020.8,24684.6,24348.7,24515.2,24897.9,24686.8,25125.2,24916.1,25445.4,25240.3,25161.4,25719.2
 "27000","Minnesota",4,SQGDP9,35,"44-45","   Retail trade ","Millions of chained 2017 dollars",16338.2,16725.7,17259.8,16635.8,16599.4,16623.6,15988.4,16123.6,15778.0,15544.9,15447.0,15801.0,15668.2,15784.4,15494.2,15030.8,15074.0,14823.1,14605.2,15269.3,15685.2,16104.5,16075.9,16161.5,15915.3,16082.4,15893.6,16066.2,15775.6,15486.5,16045.2,16215.4,17134.1,17276.5,17462.9,17549.6,17543.4,17445.8,17654.6,17723.9,18006.5,18318.9,18628.8,18749.8,19075.1,19506.7,20012.5,20241.1,20338.9,20604.8,21062.8,21126.6,21343.0,21366.8,21532.0,21477.8,21013.2,21419.6,21735.0,21871.9,20807.9,19869.5,21359.2,20780.4,21443.6,20127.3,18842.3,19016.6,18443.8,19158.3,19471.3,20166.7,20502.1,20779.0,22122.9,22966.8,23751.9,23711.3,24604.9,24392.5,24124.1,23583.2,24042.1,24350.6
 "27000","Minnesota",4,SQGDP9,36,"48-49","   Transportation and warehousing ","Millions of chained 2017 dollars",9440.7,9525.1,10057.8,9653.4,9313.2,9411.9,9441.7,9462.3,9334.6,10653.0,9488.7,9557.1,9732.7,9359.6,9318.5,10739.3,8765.9,8938.2,8985.9,9048.0,9020.8,9209.6,9515.7,9587.4,9662.6,9726.5,9646.2,9576.8,9579.4,9413.2,9463.8,9569.0,9807.6,9917.0,10022.9,10172.7,9894.2,9925.3,10221.7,10418.4,10297.6,10613.5,10798.8,10591.6,10955.7,10764.0,10790.3,11334.9,11752.9,11800.5,11951.9,12002.9,12142.4,11943.5,11951.0,11871.7,11943.7,11859.6,11966.3,11852.3,11843.4,8955.1,10222.9,10059.7,10795.9,11299.2,11651.2,11882.1,11570.6,11764.0,11826.0,12106.6,12162.2,12365.5,12293.3,12272.0,12329.0,12294.9,12385.6,12693.5,12490.9,12740.9,12924.1,12788.6
 "27000","Minnesota",4,SQGDP9,45,"51","   Information ","Millions of chained 2017 dollars",7822.2,7962.3,8218.9,7805.4,7675.2,8096.1,7924.4,8477.3,8764.9,8703.9,8896.2,9087.1,9125.4,9418.1,9902.5,9262.4,9091.2,9143.9,9170.8,9685.9,9554.8,9853.0,9774.3,10425.1,10082.2,10275.5,10613.2,9767.5,10022.9,10133.1,9917.2,9604.7,10579.1,10457.2,10587.1,10400.2,10521.7,10613.2,10726.4,10729.5,11582.5,11020.9,11119.6,11331.1,11003.1,11023.2,11549.7,11552.2,11451.9,11689.0,11478.7,11605.6,11632.4,11676.8,11774.9,12083.0,13307.4,13602.3,13716.0,13536.8,13848.8,13645.1,14238.1,14681.4,14852.0,15829.1,15669.0,16150.1,15957.1,15092.9,15695.8,15848.0,16310.9,16375.3,16985.7,17389.7,16880.6,17045.6,17161.7,17076.4,17151.9,17461.9,17941.6,18131.9
 "27000","Minnesota",4,SQGDP9,51,"52","   Finance and insurance ","Millions of chained 2017 dollars",29513.8,29859.0,30298.8,29354.6,29251.0,27735.3,28069.8,27598.7,27896.0,28759.4,27823.0,26452.4,24269.2,24592.0,23340.1,19847.5,26463.3,28332.9,28384.1,27148.3,27174.3,25912.3,25779.3,27312.5,27345.4,27586.1,27252.8,26950.6,29147.0,28184.0,27997.8,28305.4,25785.6,27623.3,28400.2,28777.1,29715.6,30986.1,30627.8,30731.8,31989.9,31337.6,30864.0,31084.2,29930.5,31181.0,32203.3,32017.1,30348.0,28928.2,28319.4,28135.9,29480.7,29957.0,30755.5,29583.5,30469.5,29996.4,30257.9,32401.7,30387.3,31225.7,31722.5,32031.1,32261.9,34208.9,32829.0,33268.9,32084.6,32991.0,33079.8,31215.1,31560.0,31056.2,31367.2,32349.6,31743.1,32626.9,32915.9,31711.1,31343.8,31814.4,32241.6,32252.2
 "27000","Minnesota",4,SQGDP9,56,"53","   Real estate and rental and leasing ","Millions of chained 2017 dollars",36421.6,36679.0,37013.7,37206.1,36392.8,38577.8,36824.2,37537.4,38096.4,38558.9,39839.8,40768.0,40577.6,41221.3,40888.0,40711.4,39917.6,39168.9,39295.2,39564.5,39975.9,40824.4,40889.3,41663.1,40311.1,41461.0,41318.6,42032.2,42686.7,42484.2,43211.7,42598.7,43516.7,43709.0,44314.3,44090.5,43701.1,43479.5,43692.6,43625.3,44231.6,43840.6,43739.4,43643.0,41306.4,42048.6,41636.6,41403.7,41025.7,41374.8,41229.0,41469.1,42222.5,42671.8,42881.3,43061.0,43265.8,43020.7,42916.3,42222.8,40621.7,40228.7,41603.3,42444.1,44262.8,45446.0,46722.5,48453.7,49021.2,49639.6,49939.0,49795.6,49722.9,49688.2,49751.4,49898.7,49785.9,50384.0,50752.7,51116.0,51533.5,51896.4,52064.3,52206.3
 "27000","Minnesota",4,SQGDP9,60,"54","   Professional, scientific, and technical services ","Millions of chained 2017 dollars",16294.3,15997.1,15801.1,15914.1,16427.3,16097.9,16066.4,16118.8,16816.0,16660.3,16970.1,17592.9,17733.6,17979.2,18495.3,18244.7,17585.6,17070.2,16864.5,16671.2,17037.8,17084.3,17477.6,17603.5,17884.7,18518.7,18228.7,18465.1,18658.6,18852.3,18882.0,18650.4,19678.6,19096.1,20039.3,19891.1,19821.6,20715.3,21361.3,21623.7,21143.5,21701.0,22453.4,22327.9,24429.8,24094.7,24242.5,24397.2,24666.0,24609.1,24301.2,25029.4,25725.4,26337.9,26093.1,26472.1,26405.4,25890.4,26621.1,26795.5,26767.2,24968.4,26163.6,26335.1,27617.9,28765.5,29160.8,29772.5,30660.3,30811.8,31154.8,31357.4,31668.4,32017.9,31898.5,32059.0,31723.7,32010.1,32932.6,33071.1,32851.9,33408.0,33951.0,33902.1
 "27000","Minnesota",4,SQGDP9,64,"55","   Management of companies and enterprises ","Millions of chained 2017 dollars",10965.5,9441.4,10128.8,9698.1,9579.5,9925.2,9717.2,9493.2,9098.1,10272.4,9892.5,10333.8,12494.5,10554.5,12024.5,10569.2,9224.0,8434.7,9045.9,9798.0,10205.8,10734.2,10690.1,11386.2,11495.6,10942.7,10327.6,10289.4,10709.1,10619.4,11205.1,11551.7,11475.5,10894.9,11665.1,11741.7,11836.2,11578.1,12701.1,12182.9,12643.7,12579.7,11516.7,11926.1,12581.3,11517.0,12369.2,12426.6,13311.7,12736.6,13046.2,13598.8,13567.4,13341.3,14263.7,14013.8,15886.8,16182.1,15085.3,15548.3,14562.3,15766.2,15934.6,17044.7,17098.2,17695.3,17167.2,17300.0,17417.4,18258.1,18637.5,18285.8,17612.3,16698.0,17980.5,18172.6,18362.2,15872.5,17133.7,17384.5,18398.6,18617.4,18565.6,18637.8
 "27000","Minnesota",4,SQGDP9,65,"56","   Administrative and support and waste management and remediation services ","Millions of chained 2017 dollars",6661.6,6770.6,6805.5,6801.8,6993.7,6947.2,6853.3,6844.9,7208.2,7365.5,7499.0,7618.3,7543.3,7567.7,7687.0,7372.8,7053.4,6821.4,6754.8,6873.0,7269.9,7504.3,7549.9,7590.0,7788.6,7868.0,7870.5,7865.6,7814.2,7875.7,7829.9,7834.3,7674.8,7711.8,7850.7,7955.5,8030.6,8083.8,8241.8,8136.3,8193.3,8292.2,8318.1,8172.6,8307.9,8369.6,8649.9,8889.6,9527.6,8925.5,9047.8,9048.7,8971.5,9054.4,9163.5,9213.4,9106.8,9325.6,9288.5,9250.7,9022.9,7945.6,8638.4,9089.9,9402.7,9726.0,9784.3,10008.4,10150.5,10242.1,10557.1,10468.7,10436.8,10138.9,9824.8,9769.0,9456.8,9618.6,9553.1,9601.7,9404.2,9482.1,9563.4,9603.5
 "27000","Minnesota",4,SQGDP9,69,"61","   Educational services ","Millions of chained 2017 dollars",3099.2,3052.6,3152.8,3188.6,3186.9,3233.9,3198.3,3202.4,3240.9,3313.6,3367.3,3462.3,3500.4,3550.5,3654.7,3740.8,3906.1,3928.0,3888.5,3923.3,3958.5,4021.8,4072.5,4055.7,4149.5,4067.8,4039.9,3972.3,3980.8,4007.6,3927.9,3900.1,3817.9,3772.6,3803.2,3782.1,3755.8,3792.0,3795.0,3747.0,3698.2,3671.7,3662.1,3748.8,3743.9,3753.2,3814.7,3793.0,3833.9,3777.5,3704.6,3705.8,3733.3,3835.1,3794.9,3839.8,3925.1,3841.3,3861.3,3771.1,3749.5,3234.3,3430.6,3342.5,3375.8,3482.7,3608.4,3625.3,3651.9,3662.2,3732.7,3752.0,3655.1,3741.6,3685.3,3715.7,3715.7,3715.1,3757.7,3837.0,3786.7,3802.1,3788.1,3675.4
 "27000","Minnesota",4,SQGDP9,70,"62","   Health care and social assistance ","Millions of chained 2017 dollars",22702.8,22908.4,23410.6,23525.3,24280.2,24323.7,24577.7,24388.0,24823.0,24874.3,25261.8,25757.6,25575.5,25978.7,26723.0,26639.2,26897.1,26842.5,26637.1,26643.3,26382.3,26852.9,26999.0,28847.2,26917.4,27688.6,27614.7,27870.9,28023.3,28226.8,28208.5,28511.2,28756.3,29125.9,28852.4,29589.6,29083.7,29926.1,30282.6,30039.2,31205.5,31155.4,31572.1,31682.8,32502.5,32548.6,32987.3,33190.6,33795.5,34039.5,34335.0,34401.5,35294.8,35421.7,35917.5,35989.2,35299.5,35941.2,36921.7,36645.8,35931.3,31719.7,35297.3,36985.0,35755.7,36663.9,36014.0,36954.5,37073.2,37646.0,37912.3,37824.9,38435.3,38536.3,39200.3,39747.1,39497.6,40704.6,41002.4,41254.3,41586.0,42164.2,42458.3,43142.4
 "27000","Minnesota",4,SQGDP9,76,"71","   Arts, entertainment, and recreation ","Millions of chained 2017 dollars",2320.3,2322.0,2370.1,2325.0,2479.6,2857.2,2440.1,2273.5,2469.9,2425.7,2493.2,2442.1,2587.4,2480.3,2526.9,2831.9,2531.2,2416.6,2355.5,2491.5,2606.3,2532.9,2631.8,2734.4,2471.0,2791.8,2890.9,2739.0,2620.2,2681.3,2615.4,2490.2,2814.6,2819.0,2772.8,2781.6,3050.8,3064.8,3025.1,2935.7,3001.2,3114.3,3097.7,3290.5,3031.3,3195.8,3255.9,3405.6,3427.7,3339.8,3623.9,3574.9,3463.5,3533.9,3548.8,3642.1,3183.3,3118.1,3339.4,3522.5,3533.2,1680.4,2487.3,2537.4,2959.2,3144.9,3173.1,3348.8,3316.9,3617.9,3869.3,3860.5,3807.3,3795.6,3765.7,3673.2,3585.4,3873.8,3741.0,3724.8,3745.7,3914.6,4001.4,3931.0
 "27000","Minnesota",4,SQGDP9,79,"72","   Accommodation and food services ","Millions of chained 2017 dollars",8021.3,8085.6,8230.8,8180.6,8176.2,8044.0,7951.3,7967.4,8115.7,8111.0,8052.7,8071.2,7944.1,7819.9,7848.9,7587.9,7337.3,7213.4,7217.0,7286.0,7334.2,7553.6,7601.2,7621.6,7706.4,7835.7,7828.8,7694.1,7910.4,7813.0,7838.5,8032.8,8276.8,8177.9,8238.2,8168.9,8076.6,8111.6,8221.0,8146.2,8334.0,8490.2,8532.6,8729.1,8617.5,8659.7,8772.9,8866.8,9033.2,8944.9,8900.9,8858.5,8831.7,8818.5,8810.6,9007.5,8733.4,8876.8,9033.8,8909.1,8585.8,4839.8,7370.1,6378.2,6635.3,8217.0,8703.0,8510.3,8457.5,8720.5,8888.3,8661.4,8906.8,8750.0,8960.4,8892.8,8946.3,8859.2,8836.4,8875.2,8577.0,8630.0,8627.0,8767.1
 "27000","Minnesota",4,SQGDP9,82,"81","   Other services (except government and government enterprises) ","Millions of chained 2017 dollars",8429.0,8409.4,8472.1,8420.4,8362.9,8320.5,8202.0,8141.4,8044.8,7987.0,8062.8,7882.1,7837.4,7742.3,7791.5,7592.6,7411.5,7305.1,7166.7,7161.6,6935.8,7007.4,7069.4,7107.2,7117.4,7062.7,7009.2,6916.4,6991.5,6954.0,6959.4,6982.2,7016.5,7072.1,7151.0,7246.2,7270.4,7474.6,7627.5,7568.7,7576.2,7637.7,7579.2,7572.9,7529.0,7579.1,7698.8,7652.0,7843.4,7837.2,7772.7,7841.6,8082.4,8025.8,8033.9,7993.3,7857.3,8000.7,8109.1,8120.3,8004.6,6199.7,7501.7,7394.2,7217.3,7534.5,7638.3,7546.9,7746.3,7775.9,7791.1,7728.0,7566.2,7396.9,7189.1,7266.3,7195.8,7216.8,7304.1,7297.2,7122.2,7031.8,7023.1,7090.4
 "27000","Minnesota",4,SQGDP9,83,"92"," Government and government enterprises ","Millions of chained 2017 dollars",35481.7,35812.4,35990.0,35828.5,36095.9,35380.2,35725.4,35323.6,35090.0,34991.4,34912.1,34776.6,35632.2,35860.5,35952.8,35098.4,35167.1,35017.3,35094.7,35594.4,35029.2,34904.9,35641.7,35400.5,34438.4,34343.7,34188.5,34378.5,33824.5,34124.1,33982.4,34106.7,34072.9,34326.6,33950.2,33949.3,33909.3,34021.7,33803.7,34079.2,33999.9,34535.9,34014.2,34672.5,34007.8,34312.7,34798.9,34175.0,34539.9,34102.7,34125.6,34285.5,34345.2,34809.7,35081.0,35023.3,35756.3,35939.4,36455.2,36116.9,36494.3,33464.7,34521.9,34999.5,34130.9,34497.7,34968.9,35439.8,35074.8,35846.2,36522.5,36230.6,35785.6,36092.2,35908.1,36601.6,36913.5,37296.8,37521.6,37907.8,38393.3,38184.1,37986.2,37581.1
 "27000","Minnesota",4,SQGDP9,84,"...","  Federal civilian ","Millions of chained 2017 dollars",4029.8,3993.2,3980.2,4030.8,4037.9,4055.4,4044.1,3989.0,3943.3,3907.3,3889.3,3834.1,3817.9,3789.6,3796.8,3786.4,3833.5,3940.7,3908.7,3915.4,3999.5,3860.5,3904.4,3857.9,3835.1,3769.3,3699.1,3719.7,3708.1,3693.5,3660.8,3589.3,3521.0,3450.6,3383.9,3396.8,3485.3,3566.5,3628.0,3675.4,3757.9,3823.5,3870.4,3922.8,3980.8,4004.2,4046.5,4084.0,4089.4,4117.2,4150.8,4192.6,4242.2,4271.8,4286.0,4255.4,4162.3,4258.2,4278.2,4309.5,4379.3,4425.7,4555.4,4455.2,4361.9,4330.5,4288.6,4252.0,4257.9,4179.3,4187.7,4228.3,4287.9,4354.5,4422.4,4513.9,4590.4,4648.8,4693.7,4717.2,4685.0,4540.8,4506.8,4210.4
 "27000","Minnesota",4,SQGDP9,85,"...","  Military ","Millions of chained 2017 dollars",1861.9,1892.9,1911.9,1934.4,1742.0,1780.8,1803.6,1811.8,1841.2,1825.9,1838.1,1827.9,1758.8,1772.5,1788.5,1786.1,1816.6,1823.1,1810.2,1809.8,1810.8,1811.1,1803.3,1776.2,1672.7,1669.7,1665.1,1816.2,1701.6,1665.9,1642.6,1627.8,1603.3,1604.6,1613.6,1599.2,1579.2,1586.4,1472.7,1424.6,1406.0,1433.9,1455.2,1482.3,1450.7,1452.5,1454.2,1454.9,1456.1,1455.5,1469.7,1485.5,1433.6,1429.3,1436.2,1424.9,1410.8,1443.0,1446.4,1445.8,1424.6,1446.9,1437.3,1447.5,1452.1,1453.1,1437.0,1405.7,1416.1,1375.6,1345.8,1356.7,1384.5,1391.6,1391.5,1404.6,1399.8,1419.5,1447.4,1467.2,1460.2,1457.2,1449.8,1402.0
 "27000","Minnesota",4,SQGDP9,86,"...","  State and local ","Millions of chained 2017 dollars",29546.7,29889.7,30063.9,29816.7,30297.9,29505.0,29843.8,29487.1,29267.9,29224.6,29150.4,29085.1,30048.8,30296.7,30364.5,29511.4,29496.6,29221.8,29348.7,29848.0,29183.1,29208.0,29915.0,29750.3,28912.4,28891.2,28815.7,28822.2,28398.3,28755.3,28672.0,28888.5,28951.0,29277.1,28958.7,28959.5,28848.7,28870.5,28705.2,28982.2,28837.3,29279.4,28688.4,29267.4,28576.4,28856.0,29298.2,28635.9,28994.4,28529.9,28505.1,28607.5,28669.5,29108.6,29358.8,29342.9,30185.5,30238.8,30729.5,30359.7,30686.2,27609.8,28543.4,29103.5,28325.5,28720.4,29245.8,29781.5,29401.0,30292.6,30993.3,30648.1,30113.5,30346.5,30093.4,30682.3,30922.0,31227.0,31378.2,31721.4,32249.3,32192.1,32036.2,31998.2
"Note: See the included footnote file."
"SQGDP9: Real GDP by state 1."
"Last updated: April 9, 2026-- new statistics for 2025:Q4."
"U.S. Bureau of Economic Analysis"
